Country name,year,Life Ladder,Log GDP per capita,Social support,Healthy life expectancy at birth,Freedom to make life choices,Generosity,Perceptions of corruption,Positive affect,Negative affect
Albania,2020,5.365,9.497,0.71,69.3,0.754,0.007,0.891,0.679,0.265
Argentina,2020,5.901,9.85,0.897,69.2,0.823,-0.122,0.816,0.764,0.342
Australia,2020,7.137,10.76,0.937,74.2,0.905,0.21,0.491,0.769,0.205
Austria,2020,7.213,10.851,0.925,73.6,0.912,0.011,0.464,0.769,0.206
Bangladesh,2020,5.28,8.472,0.739,65.3,0.777,-0.009,0.742,0.582,0.332
Belgium,2020,6.839,10.771,0.904,72.4,0.767,-0.164,0.634,0.647,0.26
Benin,2020,4.408,8.102,0.507,55.1,0.783,-0.083,0.532,0.609,0.305
Bolivia,2020,5.559,8.998,0.805,64.2,0.877,-0.054,0.868,0.79,0.382
Bosnia and Herzegovina,2020,5.516,9.583,0.899,68.4,0.74,0.138,0.916,0.644,0.325
Brazil,2020,6.11,9.522,0.831,66.8,0.786,-0.053,0.729,0.692,0.389
Bulgaria,2020,5.598,9.991,0.916,67.2,0.818,-0.004,0.901,0.706,0.221
Cambodia,2020,4.377,8.362,0.724,62.4,0.963,0.052,0.863,0.878,0.39
Cameroon,2020,5.241,8.175,0.72,54.3,0.675,0.049,0.837,0.63,0.386
Canada,2020,7.025,10.73,0.931,74,0.887,0.05,0.434,0.796,0.307
Chile,2020,6.151,10.02,0.888,70.1,0.781,0.033,0.812,0.815,0.336
Colombia,2020,5.709,9.495,0.797,68.3,0.84,-0.085,0.808,0.795,0.34
Croatia,2020,6.508,10.166,0.923,71.4,0.837,-0.063,0.961,0.743,0.286
Czech Republic,2020,6.897,10.53,0.964,71.3,0.906,-0.127,0.884,0.832,0.29
Denmark,2020,7.515,10.91,0.947,73,0.938,0.052,0.214,0.818,0.227
Dominican Republic,2020,5.168,9.802,0.806,66.4,0.835,-0.128,0.636,0.734,0.314
Ecuador,2020,5.354,9.244,0.804,69.1,0.829,-0.157,0.855,0.79,0.416
El Salvador,2020,5.462,9.019,0.696,66.7,0.924,-0.126,0.583,0.839,0.329
Estonia,2020,6.453,10.459,0.958,69,0.954,-0.082,0.398,0.807,0.188
Ethiopia,2020,4.549,7.711,0.823,59.5,0.769,0.188,0.784,0.669,0.252
Finland,2020,7.889,10.75,0.962,72.1,0.962,-0.116,0.164,0.744,0.193
France,2020,6.714,10.643,0.947,74.2,0.823,-0.169,0.565,0.732,0.231
Georgia,2020,5.123,9.569,0.718,64.1,0.764,-0.221,0.583,0.611,0.295
Germany,2020,7.312,10.833,0.905,72.8,0.864,-0.06,0.424,0.76,0.206
Ghana,2020,5.319,8.59,0.643,58,0.824,0.2,0.847,0.713,0.253
Greece,2020,5.788,10.215,0.779,72.8,0.565,-0.241,0.764,0.684,0.322
Hungary,2020,6.038,10.335,0.943,68.4,0.771,-0.12,0.836,0.735,0.24
Iceland,2020,7.575,10.824,0.983,73,0.949,0.16,0.644,0.863,0.172
India,2020,4.225,8.703,0.617,60.9,0.906,0.075,0.78,0.752,0.383
Iraq,2020,4.785,9.167,0.708,61.4,0.7,-0.021,0.849,0.644,0.532
Ireland,2020,7.035,11.323,0.96,72.5,0.882,0.014,0.356,0.797,0.246
Israel,2020,7.195,10.538,0.959,73.7,0.831,-0.049,0.748,0.621,0.243
Italy,2020,6.488,10.563,0.89,74,0.718,-0.15,0.844,0.67,0.311
Ivory Coast,2020,5.257,8.565,0.613,50.7,0.77,0.016,0.777,0.693,0.34
Japan,2020,6.118,10.58,0.887,75.2,0.806,-0.259,0.609,0.742,0.186
Kazakhstan,2020,6.168,10.135,0.966,65.8,0.872,-0.056,0.661,0.684,0.15
Kenya,2020,4.547,8.365,0.674,61.3,0.702,0.26,0.837,0.733,0.297
Kyrgyzstan,2020,6.25,8.503,0.902,64.7,0.935,0.103,0.931,0.803,0.258
Laos,2020,5.284,8.96,0.66,59.5,0.915,0.141,0.748,0.822,0.358
Latvia,2020,6.229,10.3,0.928,67.4,0.82,-0.078,0.809,0.714,0.202
Lithuania,2020,6.391,10.504,0.953,68.5,0.824,-0.122,0.829,0.66,0.202
Mauritius,2020,6.015,9.972,0.893,67,0.843,-0.037,0.772,0.767,0.138
Mexico,2020,5.964,9.782,0.779,68.9,0.873,-0.119,0.778,0.81,0.292
Moldova,2020,5.812,9.462,0.874,66.4,0.859,-0.058,0.941,0.727,0.268
Mongolia,2020,6.011,9.396,0.918,62.7,0.718,0.141,0.843,0.636,0.26
Montenegro,2020,5.722,9.913,0.887,68.9,0.802,0.06,0.845,0.603,0.411
Morocco,2020,4.803,8.871,0.553,66.5,0.819,-0.229,0.803,0.587,0.256
Myanmar,2020,4.431,8.554,0.796,59.6,0.825,0.47,0.647,0.8,0.289
Namibia,2020,4.451,9.104,0.741,57.1,0.666,-0.104,0.81,0.648,0.248
Netherlands,2020,7.504,10.901,0.944,72.5,0.935,0.151,0.281,0.784,0.247
New Zealand,2020,7.257,10.6,0.952,73.6,0.918,0.125,0.283,0.849,0.209
Nigeria,2020,5.503,8.484,0.739,50.5,0.713,0.099,0.913,0.744,0.316
North Macedonia,2020,5.054,9.69,0.75,65.56,0.787,0.131,0.877,0.605,0.365
Norway,2020,7.29,11.042,0.956,73.4,0.965,0.075,0.271,0.823,0.216
Philippines,2020,5.08,9.061,0.781,62.1,0.932,-0.116,0.744,0.804,0.327
Poland,2020,6.139,10.371,0.953,70.1,0.767,-0.007,0.787,0.76,0.329
Portugal,2020,5.768,10.371,0.875,72.8,0.913,-0.238,0.867,0.648,0.383
Russia,2020,5.495,10.162,0.887,65.1,0.714,-0.071,0.823,0.645,0.19
Serbia,2020,6.042,9.788,0.852,69,0.843,0.149,0.824,0.603,0.358
Slovakia,2020,6.519,10.332,0.954,69.5,0.762,-0.075,0.901,0.764,0.274
Slovenia,2020,6.462,10.478,0.953,71.7,0.958,-0.081,0.797,0.61,0.314
South Africa,2020,4.947,9.332,0.891,57.3,0.757,-0.015,0.912,0.82,0.294
South Korea,2020,5.793,10.648,0.808,74.2,0.711,-0.106,0.665,0.64,0.247
Spain,2020,6.502,10.488,0.935,75,0.783,-0.121,0.73,0.686,0.317
Sweden,2020,7.314,10.838,0.936,72.8,0.951,0.091,0.203,0.766,0.222
Switzerland,2020,7.508,11.081,0.946,74.7,0.917,-0.064,0.28,0.769,0.193
Tanzania,2020,3.786,7.881,0.74,58.5,0.83,0.295,0.521,0.686,0.271
Thailand,2020,5.885,9.769,0.867,67.6,0.84,0.273,0.918,0.783,0.326
Tunisia,2020,4.731,9.231,0.719,67.5,0.668,-0.202,0.877,0.585,0.439
Turkey,2020,4.862,10.219,0.857,67.6,0.51,-0.111,0.774,0.384,0.44
Uganda,2020,4.641,7.684,0.8,56.5,0.687,0.147,0.878,0.699,0.425
Ukraine,2020,5.27,9.428,0.885,65.2,0.784,0.126,0.946,0.688,0.285
United Kingdom,2020,6.798,10.626,0.929,72.7,0.885,0.203,0.49,0.758,0.225
United States,2020,7.028,11.001,0.937,68.1,0.85,0.034,0.678,0.787,0.295
Uruguay,2020,6.31,9.937,0.921,69.2,0.908,-0.084,0.491,0.807,0.265
Zambia,2020,4.838,8.117,0.767,56.3,0.75,0.056,0.81,0.691,0.345
Zimbabwe,2020,3.16,7.829,0.717,56.8,0.643,-0.009,0.789,0.703,0.346
Afghanistan,2019,2.375,7.697,0.42,52.4,0.394,-0.108,0.924,0.351,0.502
Albania,2019,4.995,9.544,0.686,69,0.777,-0.099,0.914,0.681,0.274
Algeria,2019,4.745,9.337,0.803,66.1,0.385,0.005,0.741,0.585,0.215
Argentina,2019,6.086,10,0.896,69,0.817,-0.211,0.83,0.826,0.319
Armenia,2019,5.488,9.522,0.782,67.2,0.844,-0.172,0.583,0.598,0.43
Australia,2019,7.234,10.815,0.943,73.9,0.918,0.121,0.43,0.77,0.202
Austria,2019,7.195,10.939,0.964,73.3,0.903,0.06,0.457,0.774,0.205
Azerbaijan,2019,5.173,9.575,0.887,65.8,0.854,-0.214,0.457,0.643,0.164
Bangladesh,2019,5.114,8.467,0.673,64.8,0.902,-0.051,0.656,0.537,0.369
Belarus,2019,5.821,9.86,0.917,66.4,0.657,-0.186,0.546,0.591,0.19
Belgium,2019,6.772,10.853,0.884,72.2,0.776,-0.172,0.672,0.733,0.244
Benin,2019,4.976,8.098,0.442,54.7,0.77,-0.016,0.698,0.659,0.441
Bolivia,2019,5.674,9.074,0.784,63.9,0.881,-0.086,0.857,0.751,0.419
Bosnia and Herzegovina,2019,6.016,9.609,0.873,68.1,0.722,0.079,0.963,0.633,0.238
Botswana,2019,3.471,9.785,0.774,59.6,0.833,-0.239,0.792,0.712,0.273
Brazil,2019,6.451,9.592,0.899,66.6,0.83,-0.062,0.762,0.761,0.337
Bulgaria,2019,5.108,10.047,0.948,67,0.822,-0.109,0.943,0.663,0.2
Burkina Faso,2019,4.741,7.691,0.683,54.4,0.678,-0.004,0.729,0.691,0.365
Cambodia,2019,4.998,8.387,0.759,62,0.957,0.013,0.828,0.844,0.39
Cameroon,2019,4.937,8.203,0.711,53.5,0.712,-0.008,0.817,0.629,0.326
Canada,2019,7.109,10.8,0.925,73.8,0.912,0.112,0.436,0.822,0.285
Chad,2019,4.251,7.365,0.64,48.7,0.537,0.055,0.832,0.587,0.46
Chile,2019,5.942,10.095,0.869,70,0.659,-0.103,0.86,0.809,0.337
Colombia,2019,6.35,9.598,0.873,68,0.822,-0.172,0.854,0.822,0.322
Comoros,2019,4.609,8.033,0.632,57.5,0.538,0.077,0.762,0.736,0.336
Congo (Brazzaville),2019,5.213,8.101,0.625,58.5,0.686,-0.046,0.741,0.645,0.405
Costa Rica,2019,6.998,9.885,0.906,71.5,0.927,-0.146,0.836,0.848,0.303
Croatia,2019,5.626,10.258,0.936,70.8,0.739,-0.137,0.932,0.551,0.269
Cyprus,2019,6.137,10.585,0.776,73.9,0.74,-0.008,0.865,0.763,0.29
Denmark,2019,7.693,10.954,0.958,72.7,0.963,0.02,0.174,0.862,0.181
Dominican Republic,2019,6.004,9.821,0.884,66.1,0.877,-0.123,0.746,0.784,0.264
Ecuador,2019,5.809,9.339,0.808,68.8,0.83,-0.115,0.839,0.811,0.374
El Salvador,2019,6.455,9.08,0.764,66.4,0.877,-0.109,0.682,0.871,0.271
Estonia,2019,6.035,10.511,0.934,68.8,0.887,-0.096,0.576,0.804,0.156
Ethiopia,2019,4.1,7.705,0.748,59,0.754,0.053,0.732,0.631,0.283
Finland,2019,7.78,10.792,0.937,72,0.948,-0.052,0.195,0.755,0.181
France,2019,6.69,10.74,0.958,74,0.827,-0.133,0.568,0.735,0.25
Gabon,2019,4.914,9.607,0.763,60.2,0.736,-0.203,0.846,0.693,0.413
Gambia,2019,5.164,7.699,0.694,55.3,0.677,0.41,0.798,0.773,0.401
Georgia,2019,4.892,9.617,0.675,64.3,0.811,-0.26,0.647,0.604,0.244
Germany,2019,7.035,10.893,0.886,72.5,0.885,0.057,0.462,0.751,0.226
Ghana,2019,4.967,8.596,0.746,57.6,0.787,0.116,0.857,0.682,0.27
Greece,2019,5.952,10.319,0.891,72.6,0.614,-0.289,0.848,0.668,0.236
Guatemala,2019,6.262,9.064,0.774,65.1,0.901,-0.062,0.773,0.859,0.311
Guinea,2019,4.768,7.849,0.655,55.5,0.691,0.097,0.756,0.685,0.473
Honduras,2019,5.93,8.653,0.797,67.4,0.846,0.063,0.815,0.85,0.279
Hungary,2019,6,10.393,0.947,68,0.798,-0.195,0.884,0.743,0.18
India,2019,3.249,8.818,0.561,60.5,0.876,0.112,0.752,0.648,0.466
Indonesia,2019,5.347,9.377,0.802,62.3,0.866,0.555,0.861,0.877,0.302
Ireland,2019,7.255,11.371,0.944,72.4,0.892,0.074,0.373,0.807,0.223
Israel,2019,7.332,10.601,0.946,73.5,0.834,0.085,0.743,0.635,0.266
Italy,2019,6.445,10.655,0.838,73.8,0.709,-0.082,0.866,0.631,0.328
Ivory Coast,2019,5.392,8.564,0.679,50.1,0.736,-0.017,0.799,0.674,0.425
Jamaica,2019,6.309,9.186,0.878,67.5,0.891,-0.137,0.885,0.752,0.195
Japan,2019,5.908,10.632,0.878,75.1,0.806,-0.255,0.617,0.743,0.194
Kazakhstan,2019,6.272,10.179,0.951,65.2,0.852,-0.055,0.708,0.787,0.139
Kenya,2019,4.619,8.373,0.676,60.7,0.818,0.31,0.794,0.751,0.251
Kyrgyzstan,2019,5.685,8.567,0.877,64.4,0.92,-0.002,0.885,0.766,0.207
Laos,2019,5.197,8.965,0.729,59.1,0.906,0.061,0.62,0.878,0.306
Latvia,2019,5.97,10.336,0.936,67.1,0.698,-0.194,0.789,0.575,0.212
Lebanon,2019,4.024,9.597,0.866,67.6,0.447,-0.081,0.89,0.322,0.494
Lesotho,2019,3.512,7.926,0.79,48.7,0.716,-0.131,0.915,0.735,0.273
Liberia,2019,5.121,7.264,0.712,56.9,0.706,0.051,0.828,0.636,0.389
Libya,2019,5.33,9.627,0.827,62.3,0.762,-0.073,0.686,0.709,0.401
Lithuania,2019,6.064,10.518,0.918,67.9,0.78,-0.251,0.783,0.566,0.276
Luxembourg,2019,7.404,11.648,0.912,72.6,0.93,-0.045,0.39,0.789,0.212
Madagascar,2019,4.339,7.406,0.701,59.5,0.55,-0.012,0.72,0.723,0.304
Malawi,2019,3.869,6.966,0.549,58.3,0.765,0.004,0.68,0.537,0.348
Malaysia,2019,5.428,10.252,0.842,67.2,0.916,0.123,0.782,0.834,0.176
Mali,2019,4.988,7.752,0.755,52.2,0.67,-0.038,0.846,0.712,0.358
Malta,2019,6.733,10.677,0.922,72.2,0.924,0.087,0.689,0.707,0.356
Mauritania,2019,4.153,8.556,0.798,57.3,0.628,-0.102,0.743,0.692,0.26
Mauritius,2019,6.241,10.043,0.913,66.7,0.893,-0.053,0.81,0.808,0.149
Mexico,2019,6.432,9.891,0.852,68.6,0.903,-0.141,0.809,0.864,0.252
Moldova,2019,5.803,9.475,0.809,65.7,0.784,-0.092,0.884,0.631,0.262
Mongolia,2019,5.563,9.418,0.946,62.5,0.711,0.149,0.873,0.707,0.167
Montenegro,2019,5.386,9.97,0.832,68.7,0.694,-0.105,0.82,0.591,0.366
Morocco,2019,5.057,8.925,0.535,66.2,0.757,-0.244,0.757,0.589,0.41
Mozambique,2019,4.932,7.155,0.742,55.2,0.87,0.073,0.682,0.587,0.384
Myanmar,2019,4.434,8.545,0.763,59.3,0.899,0.561,0.682,0.755,0.286
Namibia,2019,4.436,9.173,0.845,56.8,0.739,-0.174,0.879,0.672,0.256
Nepal,2019,5.449,8.136,0.772,64.6,0.79,0.167,0.712,0.536,0.357
Netherlands,2019,7.425,10.953,0.941,72.4,0.886,0.213,0.36,0.838,0.231
New Zealand,2019,7.205,10.666,0.939,73.4,0.912,0.157,0.234,0.816,0.191
Nicaragua,2019,6.113,8.595,0.874,67.8,0.883,0.029,0.622,0.835,0.337
Niger,2019,5.004,7.106,0.677,54,0.831,0.026,0.729,0.816,0.304
Nigeria,2019,4.356,8.544,0.734,50.1,0.729,0.032,0.873,0.715,0.245
North Macedonia,2019,5.015,9.711,0.815,65.474,0.725,0.024,0.923,0.576,0.304
Norway,2019,7.442,11.061,0.942,73.3,0.954,0.111,0.271,0.823,0.195
Pakistan,2019,4.443,8.453,0.617,58.9,0.685,0.124,0.776,0.581,0.424
Panama,2019,6.086,10.356,0.886,69.7,0.883,-0.199,0.869,0.878,0.244
Paraguay,2019,5.653,9.448,0.892,65.9,0.876,0.028,0.882,0.858,0.275
Peru,2019,5.999,9.461,0.809,68.4,0.815,-0.13,0.874,0.82,0.375
Philippines,2019,6.268,9.095,0.845,62,0.91,-0.083,0.748,0.781,0.341
Poland,2019,6.242,10.407,0.878,69.7,0.883,-0.231,0.696,0.725,0.168
Portugal,2019,6.095,10.457,0.876,72.6,0.882,-0.234,0.915,0.71,0.3
Romania,2019,6.13,10.306,0.842,67.5,0.848,-0.221,0.954,0.697,0.244
Russia,2019,5.441,10.205,0.91,64.7,0.715,-0.116,0.848,0.691,0.2
Rwanda,2019,3.268,7.708,0.489,61.7,0.869,0.064,0.168,0.736,0.418
Senegal,2019,5.489,8.13,0.688,60,0.759,-0.019,0.796,0.789,0.332
Serbia,2019,6.241,9.808,0.903,68.6,0.753,-0.04,0.813,0.509,0.242
Sierra Leone,2019,3.447,7.449,0.611,52.4,0.718,0.074,0.874,0.513,0.438
Singapore,2019,6.378,11.486,0.925,77.1,0.938,0.027,0.07,0.723,0.138
Slovakia,2019,6.243,10.398,0.933,69.2,0.771,-0.129,0.926,0.75,0.252
Slovenia,2019,6.665,10.563,0.949,71.4,0.945,-0.102,0.785,0.679,0.228
South Africa,2019,5.035,9.432,0.848,56.9,0.738,-0.134,0.82,0.801,0.268
South Korea,2019,5.903,10.661,0.783,73.9,0.706,-0.055,0.718,0.684,0.236
Spain,2019,6.457,10.618,0.949,74.7,0.778,-0.049,0.73,0.663,0.316
Sri Lanka,2019,4.213,9.479,0.815,67.4,0.824,0.051,0.863,0.816,0.315
Swaziland,2019,4.396,9.07,0.759,51.27,0.597,-0.191,0.724,0.778,0.28
Sweden,2019,7.398,10.882,0.934,72.7,0.942,0.091,0.25,0.826,0.202
Switzerland,2019,7.694,11.136,0.949,74.4,0.913,0.036,0.294,0.798,0.171
Tanzania,2019,3.64,7.886,0.687,58,0.85,0.1,0.589,0.726,0.243
Thailand,2019,6.022,9.824,0.903,67.4,0.898,0.309,0.877,0.843,0.208
Togo,2019,4.179,7.375,0.539,55.1,0.617,0.065,0.737,0.59,0.444
Tunisia,2019,4.315,9.283,0.61,67.2,0.659,-0.209,0.889,0.539,0.433
Turkey,2019,4.872,10.246,0.792,67.2,0.631,-0.136,0.76,0.422,0.368
Uganda,2019,4.948,7.688,0.805,56.1,0.704,0.139,0.826,0.693,0.385
Ukraine,2019,4.702,9.458,0.883,64.9,0.715,-0.081,0.885,0.634,0.201
United Kingdom,2019,7.157,10.751,0.943,72.5,0.854,0.271,0.485,0.775,0.251
United States,2019,6.944,11.043,0.917,68.2,0.836,0.144,0.707,0.815,0.244
Uruguay,2019,6.6,9.979,0.933,69.1,0.903,-0.095,0.599,0.889,0.222
Uzbekistan,2019,6.154,8.853,0.915,65.4,0.97,0.304,0.511,0.845,0.22
Vietnam,2019,5.467,8.992,0.848,68.1,0.952,-0.126,0.788,0.751,0.186
Zambia,2019,3.307,8.155,0.638,55.8,0.811,0.077,0.832,0.743,0.394
Zimbabwe,2019,2.694,7.95,0.759,56.2,0.632,-0.064,0.831,0.716,0.235
Afghanistan,2018,2.694,7.692,0.508,52.6,0.374,-0.094,0.928,0.424,0.405
Albania,2018,5.004,9.518,0.684,68.7,0.824,0.009,0.899,0.713,0.319
Algeria,2018,5.043,9.348,0.799,65.9,0.583,-0.146,0.759,0.591,0.293
Argentina,2018,5.793,10.032,0.9,68.8,0.846,-0.211,0.855,0.82,0.321
Armenia,2018,5.062,9.451,0.814,66.9,0.808,-0.163,0.677,0.581,0.455
Australia,2018,7.177,10.811,0.94,73.6,0.916,0.146,0.405,0.759,0.187
Austria,2018,7.396,10.928,0.912,73,0.904,0.053,0.523,0.752,0.226
Azerbaijan,2018,5.168,9.562,0.781,65.5,0.772,-0.232,0.561,0.593,0.191
Bangladesh,2018,4.499,8.399,0.706,64.3,0.901,-0.043,0.701,0.541,0.361
Belarus,2018,5.234,9.846,0.905,66.1,0.644,-0.174,0.718,0.45,0.236
Belgium,2018,6.892,10.844,0.93,72,0.808,-0.125,0.63,0.75,0.25
Benin,2018,5.82,8.059,0.504,54.3,0.713,0.002,0.747,0.647,0.468
Bolivia,2018,5.916,9.066,0.827,63.6,0.863,-0.093,0.786,0.742,0.387
Bosnia and Herzegovina,2018,5.887,9.576,0.836,67.8,0.659,0.123,0.913,0.643,0.277
Botswana,2018,3.461,9.778,0.795,58.9,0.818,-0.254,0.807,0.73,0.267
Brazil,2018,6.191,9.589,0.882,66.4,0.751,-0.117,0.763,0.75,0.35
Bulgaria,2018,5.099,10.007,0.924,66.8,0.724,-0.176,0.952,0.639,0.189
Burkina Faso,2018,4.927,7.665,0.665,53.9,0.721,-0.013,0.757,0.711,0.343
Burundi,2018,3.775,6.635,0.485,53.4,0.646,-0.024,0.599,0.666,0.363
Cameroon,2018,5.251,8.19,0.677,52.7,0.816,0.036,0.884,0.642,0.356
Canada,2018,7.175,10.798,0.923,73.6,0.946,0.106,0.372,0.824,0.259
Chad,2018,4.486,7.363,0.577,48.2,0.65,0.024,0.763,0.553,0.544
Chile,2018,6.436,10.097,0.89,69.9,0.789,-0.06,0.816,0.833,0.276
Colombia,2018,5.984,9.579,0.871,67.7,0.851,-0.148,0.855,0.825,0.301
Comoros,2018,3.973,8.028,0.621,57.2,0.56,0.086,0.794,0.748,0.337
Congo (Brazzaville),2018,5.49,8.136,0.621,57.9,0.699,-0.092,0.738,0.588,0.448
Costa Rica,2018,7.141,9.874,0.876,71.3,0.942,-0.107,0.781,0.87,0.326
Croatia,2018,5.536,10.224,0.91,70.2,0.691,-0.151,0.925,0.582,0.29
Cyprus,2018,6.276,10.567,0.826,73.7,0.794,-0.022,0.848,0.75,0.298
Czech Republic,2018,7.034,10.583,0.929,70.3,0.79,-0.292,0.851,0.714,0.178
Denmark,2018,7.649,10.935,0.958,72.4,0.935,0.018,0.151,0.821,0.206
Dominican Republic,2018,5.433,9.782,0.862,65.8,0.867,-0.15,0.762,0.745,0.291
Ecuador,2018,6.128,9.355,0.851,68.5,0.869,-0.099,0.831,0.876,0.328
El Salvador,2018,6.241,9.061,0.82,66.1,0.863,-0.095,0.801,0.86,0.27
Estonia,2018,6.091,10.472,0.933,68.6,0.886,-0.141,0.621,0.795,0.163
Ethiopia,2018,4.379,7.651,0.74,58.5,0.74,0.039,0.799,0.66,0.272
Finland,2018,7.858,10.783,0.962,71.9,0.938,-0.127,0.199,0.782,0.182
France,2018,6.666,10.727,0.921,73.8,0.816,-0.138,0.582,0.767,0.282
Gabon,2018,4.783,9.599,0.785,59.7,0.719,-0.197,0.823,0.641,0.418
Gambia,2018,4.922,7.671,0.685,55,0.719,0.44,0.691,0.804,0.379
Georgia,2018,4.659,9.565,0.617,64.5,0.775,-0.233,0.755,0.573,0.244
Germany,2018,7.118,10.89,0.92,72.2,0.877,0.034,0.496,0.78,0.243
Ghana,2018,5.004,8.555,0.761,57.2,0.817,0.062,0.846,0.747,0.25
Greece,2018,5.409,10.299,0.794,72.4,0.564,-0.335,0.86,0.666,0.255
Guatemala,2018,6.627,9.042,0.841,64.8,0.91,-0.01,0.765,0.871,0.262
Guinea,2018,5.252,7.823,0.63,54.4,0.731,0.092,0.778,0.744,0.44
Haiti,2018,3.615,7.477,0.538,55.7,0.591,0.422,0.72,0.584,0.359
Honduras,2018,5.908,8.643,0.827,67.2,0.872,0.099,0.804,0.872,0.287
Hungary,2018,5.936,10.344,0.941,67.6,0.693,-0.243,0.911,0.676,0.201
India,2018,3.818,8.779,0.638,60.1,0.89,0.085,0.805,0.657,0.357
Indonesia,2018,5.34,9.339,0.809,62.1,0.879,0.512,0.868,0.864,0.296
Iraq,2018,4.886,9.274,0.764,60.2,0.598,-0.068,0.887,0.605,0.482
Ireland,2018,6.962,11.332,0.938,72.3,0.861,0.144,0.362,0.811,0.213
Israel,2018,6.927,10.585,0.91,73.3,0.725,0.055,0.77,0.663,0.282
Italy,2018,6.517,10.65,0.913,73.6,0.65,-0.021,0.888,0.649,0.403
Ivory Coast,2018,5.268,8.523,0.621,49.5,0.713,-0.05,0.791,0.682,0.386
Japan,2018,5.794,10.623,0.886,75,0.773,-0.261,0.687,0.703,0.185
Kazakhstan,2018,6.008,10.148,0.937,64.6,0.84,-0.098,0.824,0.693,0.162
Kenya,2018,4.656,8.344,0.707,60.1,0.821,0.291,0.844,0.759,0.237
Kyrgyzstan,2018,5.297,8.543,0.898,64.1,0.945,0.267,0.907,0.763,0.203
Laos,2018,4.859,8.935,0.705,58.7,0.907,0.141,0.634,0.852,0.332
Latvia,2018,5.901,10.307,0.913,66.8,0.608,-0.212,0.799,0.585,0.192
Lebanon,2018,5.167,9.656,0.829,67.1,0.607,-0.066,0.907,0.464,0.271
Liberia,2018,4.135,7.311,0.727,56.1,0.766,0.05,0.868,0.66,0.436
Libya,2018,5.494,9.617,0.824,62.3,0.781,-0.101,0.646,0.706,0.399
Lithuania,2018,6.309,10.474,0.929,67.3,0.699,-0.237,0.852,0.517,0.214
Luxembourg,2018,7.243,11.645,0.902,72.6,0.884,-0.022,0.385,0.75,0.202
Madagascar,2018,4.071,7.386,0.666,59.1,0.551,0.003,0.889,0.752,0.362
Malawi,2018,3.335,6.949,0.528,57.6,0.799,0.073,0.766,0.586,0.365
Malaysia,2018,5.339,10.223,0.789,67,0.875,0.127,0.894,0.824,0.2
Mali,2018,4.416,7.733,0.692,51.7,0.737,-0.034,0.793,0.77,0.37
Malta,2018,6.91,10.67,0.932,72.2,0.927,0.179,0.595,0.721,0.296
Mauritania,2018,4.314,8.526,0.802,57,0.467,-0.112,0.711,0.663,0.276
Mauritius,2018,5.882,10.008,0.909,66.4,0.867,-0.073,0.785,0.774,0.158
Mexico,2018,6.55,9.903,0.858,68.3,0.816,-0.179,0.809,0.882,0.213
Moldova,2018,5.682,9.423,0.892,65,0.824,-0.084,0.929,0.582,0.27
Mongolia,2018,5.465,9.386,0.942,62.3,0.696,0.054,0.849,0.654,0.192
Montenegro,2018,5.65,9.934,0.856,68.5,0.626,-0.051,0.769,0.59,0.355
Morocco,2018,4.897,8.914,0.554,65.9,0.773,-0.234,0.843,0.638,0.416
Mozambique,2018,4.654,7.162,0.738,54.2,0.897,0.049,0.691,0.64,0.397
Myanmar,2018,4.411,8.523,0.774,59,0.906,0.49,0.647,0.777,0.3
Namibia,2018,4.834,9.204,0.864,56.5,0.754,-0.169,0.846,0.739,0.24
Nepal,2018,4.91,8.087,0.768,63.5,0.77,0.122,0.742,0.537,0.387
Netherlands,2018,7.463,10.941,0.939,72.3,0.92,0.161,0.371,0.862,0.205
New Zealand,2018,7.37,10.66,0.954,73.2,0.949,0.12,0.207,0.845,0.168
Nicaragua,2018,5.819,8.647,0.854,67.5,0.797,0.009,0.713,0.793,0.408
Niger,2018,5.164,7.087,0.612,53.5,0.791,0.009,0.637,0.771,0.503
Nigeria,2018,5.252,8.548,0.741,49.7,0.79,-0.01,0.866,0.805,0.256
North Macedonia,2018,5.24,9.677,0.849,65.389,0.745,-0.041,0.91,0.59,0.298
Norway,2018,7.444,11.056,0.966,73.2,0.96,0.094,0.268,0.827,0.212
Pakistan,2018,5.472,8.464,0.685,58.5,0.773,0.069,0.799,0.567,0.377
Panama,2018,6.281,10.343,0.904,69.6,0.861,-0.131,0.837,0.884,0.223
Peru,2018,5.68,9.456,0.845,68.1,0.83,-0.178,0.906,0.809,0.38
Philippines,2018,5.869,9.05,0.846,61.9,0.918,-0.108,0.726,0.773,0.393
Poland,2018,6.111,10.366,0.863,69.3,0.87,-0.254,0.72,0.742,0.176
Portugal,2018,5.92,10.434,0.887,72.4,0.877,-0.261,0.88,0.679,0.318
Romania,2018,6.151,10.26,0.818,67.2,0.845,-0.217,0.921,0.735,0.298
Russia,2018,5.514,10.191,0.909,64.3,0.729,-0.147,0.865,0.673,0.199
Rwanda,2018,3.561,7.644,0.616,61.1,0.924,0.057,0.164,0.793,0.308
Senegal,2018,4.769,8.106,0.739,59.6,0.629,-0.074,0.805,0.714,0.247
Serbia,2018,5.936,9.762,0.853,68.2,0.74,-0.1,0.864,0.559,0.296
Sierra Leone,2018,4.306,7.417,0.65,50.8,0.716,0.095,0.856,0.552,0.466
Singapore,2018,6.375,11.49,0.903,76.8,0.916,-0.066,0.097,0.787,0.107
Slovakia,2018,6.235,10.376,0.922,68.9,0.758,-0.167,0.91,0.754,0.253
Slovenia,2018,6.249,10.546,0.941,71.1,0.942,-0.119,0.839,0.644,0.275
South Africa,2018,4.884,9.444,0.841,56.5,0.753,-0.05,0.841,0.812,0.283
South Korea,2018,5.84,10.643,0.798,73.6,0.6,-0.089,0.797,0.661,0.217
Spain,2018,6.513,10.605,0.91,74.4,0.722,-0.075,0.777,0.659,0.357
Sri Lanka,2018,4.435,9.462,0.833,67.2,0.859,0.106,0.856,0.831,0.302
Swaziland,2018,4.212,9.06,0.779,50.353,0.71,-0.178,0.692,0.824,0.252
Sweden,2018,7.375,10.881,0.931,72.6,0.942,0.077,0.263,0.823,0.161
Switzerland,2018,7.509,11.134,0.93,74.1,0.926,0.101,0.301,0.792,0.192
Tanzania,2018,3.445,7.859,0.675,57.5,0.807,0.153,0.612,0.762,0.221
Thailand,2018,6.012,9.803,0.873,67.2,0.905,0.259,0.907,0.843,0.198
Togo,2018,4.023,7.348,0.596,54.7,0.612,-0.007,0.809,0.608,0.446
Tunisia,2018,4.741,9.284,0.733,66.9,0.65,-0.191,0.84,0.592,0.365
Turkey,2018,5.186,10.251,0.847,66.8,0.529,-0.176,0.805,0.435,0.351
Uganda,2018,4.322,7.66,0.74,55.7,0.729,0.079,0.856,0.685,0.39
Ukraine,2018,4.662,9.42,0.901,64.6,0.663,-0.074,0.943,0.609,0.222
United Kingdom,2018,7.233,10.743,0.928,72.3,0.838,0.226,0.404,0.783,0.228
United States,2018,6.883,11.025,0.904,68.3,0.825,0.116,0.71,0.815,0.292
Uruguay,2018,6.372,9.98,0.917,69,0.876,-0.097,0.683,0.877,0.275
Uzbekistan,2018,6.205,8.818,0.921,65.1,0.97,0.318,0.52,0.825,0.209
Vietnam,2018,5.296,8.934,0.832,67.9,0.909,-0.041,0.808,0.692,0.191
Zambia,2018,4.041,8.167,0.718,55.3,0.791,0.048,0.811,0.703,0.351
Zimbabwe,2018,3.616,8.049,0.775,55.6,0.763,-0.068,0.844,0.71,0.212
Afghanistan,2017,2.662,7.697,0.491,52.8,0.427,-0.121,0.954,0.496,0.371
Albania,2017,4.64,9.476,0.638,68.4,0.75,-0.029,0.876,0.669,0.334
Algeria,2017,5.249,9.354,0.807,65.7,0.437,-0.167,0.7,0.642,0.289
Argentina,2017,6.039,10.067,0.907,68.6,0.832,-0.186,0.841,0.809,0.292
Armenia,2017,4.288,9.402,0.698,66.6,0.614,-0.147,0.865,0.625,0.437
Australia,2017,7.257,10.798,0.95,73.3,0.911,0.317,0.411,0.78,0.225
Austria,2017,7.294,10.908,0.906,72.7,0.89,0.133,0.518,0.748,0.18
Azerbaijan,2017,5.152,9.555,0.787,65.2,0.731,-0.225,0.653,0.592,0.198
Bangladesh,2017,4.31,8.334,0.713,63.8,0.896,0.012,0.635,0.569,0.214
Belarus,2017,5.553,9.814,0.9,65.8,0.621,-0.122,0.654,0.541,0.233
Belgium,2017,6.928,10.834,0.922,71.8,0.857,0.054,0.543,0.786,0.234
Benin,2017,4.853,8.021,0.436,53.9,0.727,-0.065,0.767,0.615,0.458
Bolivia,2017,5.651,9.039,0.779,63.3,0.884,-0.12,0.819,0.698,0.434
Bosnia and Herzegovina,2017,5.09,9.532,0.775,67.5,0.564,0.092,0.923,0.597,0.271
Botswana,2017,3.505,9.756,0.768,58.2,0.817,-0.248,0.731,0.656,0.276
Brazil,2017,6.333,9.583,0.905,66.2,0.765,-0.175,0.794,0.716,0.308
Bulgaria,2017,5.097,9.969,0.942,66.6,0.689,-0.154,0.911,0.614,0.189
Burkina Faso,2017,4.647,7.627,0.785,53.4,0.614,-0.063,0.727,0.585,0.354
Cambodia,2017,4.586,8.276,0.765,61.2,0.964,0.088,0.821,0.799,0.408
Cameroon,2017,5.074,8.176,0.695,51.9,0.767,-0.028,0.844,0.632,0.377
Canada,2017,7.415,10.792,0.934,73.4,0.945,0.163,0.362,0.863,0.218
Central African Republic,2017,3.476,6.817,0.32,45.2,0.645,0.073,0.89,0.614,0.599
Chad,2017,4.559,7.37,0.661,47.7,0.615,0.008,0.792,0.628,0.538
Chile,2017,6.32,10.072,0.88,69.8,0.79,-0.02,0.836,0.838,0.291
Colombia,2017,6.157,9.569,0.909,67.4,0.838,-0.157,0.875,0.837,0.299
Congo (Brazzaville),2017,4.884,8.146,0.655,57.3,0.778,-0.131,0.763,0.599,0.382
Congo (Kinshasa),2017,4.311,6.966,0.67,52.9,0.704,0.068,0.809,0.551,0.404
Costa Rica,2017,7.225,9.858,0.922,71.1,0.936,-0.076,0.742,0.874,0.275
Croatia,2017,5.343,10.189,0.77,69.6,0.716,-0.104,0.892,0.655,0.316
Cyprus,2017,6.062,10.539,0.819,73.5,0.812,0.043,0.851,0.784,0.301
Czech Republic,2017,6.79,10.558,0.901,69.8,0.832,-0.177,0.867,0.739,0.227
Denmark,2017,7.594,10.916,0.952,72.1,0.955,0.155,0.181,0.824,0.206
Dominican Republic,2017,5.605,9.725,0.894,65.5,0.855,-0.121,0.76,0.739,0.275
Ecuador,2017,5.84,9.36,0.849,68.2,0.879,-0.167,0.734,0.829,0.314
El Salvador,2017,6.339,9.042,0.829,65.8,0.758,-0.172,0.778,0.849,0.268
Estonia,2017,5.938,10.429,0.936,68.4,0.862,-0.101,0.668,0.805,0.16
Ethiopia,2017,4.18,7.612,0.734,58,0.717,0.001,0.757,0.609,0.304
Finland,2017,7.788,10.768,0.964,71.8,0.962,-0.002,0.192,0.787,0.176
France,2017,6.635,10.711,0.931,73.6,0.834,-0.123,0.601,0.762,0.242
Gabon,2017,4.782,9.616,0.807,59.2,0.652,-0.228,0.868,0.634,0.446
Gambia,2017,4.118,7.637,0.697,54.7,0.812,0.111,0.572,0.838,0.277
Georgia,2017,4.451,9.517,0.59,64.7,0.821,-0.244,0.59,0.581,0.21
Germany,2017,7.074,10.878,0.892,71.9,0.841,0.145,0.414,0.737,0.196
Ghana,2017,5.481,8.517,0.669,56.8,0.783,0.079,0.839,0.703,0.248
Greece,2017,5.148,10.278,0.753,72.2,0.438,-0.29,0.872,0.603,0.333
Guatemala,2017,6.325,9.026,0.826,64.5,0.915,-0.059,0.8,0.846,0.308
Guinea,2017,4.874,7.792,0.634,53.3,0.738,0.038,0.75,0.704,0.422
Haiti,2017,3.824,7.475,0.647,55.5,0.484,0.381,0.647,0.573,0.322
Honduras,2017,6.02,8.624,0.843,67,0.898,0.072,0.783,0.842,0.248
Hungary,2017,6.065,10.293,0.877,67.2,0.661,-0.139,0.886,0.735,0.181
Iceland,2017,7.476,10.925,0.967,73,0.939,0.246,0.727,0.895,0.148
India,2017,4.046,8.73,0.607,59.7,0.886,-0.042,0.781,0.682,0.318
Indonesia,2017,5.098,9.3,0.796,61.9,0.865,0.488,0.9,0.863,0.319
Iran,2017,4.717,9.584,0.714,65.7,0.731,0.218,0.715,0.694,0.439
Iraq,2017,4.462,9.303,0.695,59.6,0.628,0,0.757,0.505,0.591
Ireland,2017,7.06,11.266,0.943,72.2,0.905,0.216,0.337,0.833,0.213
Israel,2017,7.331,10.57,0.916,73.1,0.768,0.145,0.793,0.674,0.276
Italy,2017,6.199,10.64,0.92,73.4,0.633,-0.035,0.867,0.661,0.323
Ivory Coast,2017,5.038,8.483,0.661,48.9,0.732,-0.111,0.771,0.698,0.357
Jamaica,2017,5.89,9.169,0.913,67.1,0.861,-0.13,0.883,0.769,0.243
Japan,2017,5.911,10.618,0.882,74.9,0.849,-0.206,0.659,0.74,0.176
Kazakhstan,2017,5.882,10.121,0.914,64,0.745,-0.035,0.755,0.757,0.171
Kenya,2017,4.476,8.306,0.715,59.5,0.853,0.234,0.854,0.788,0.23
Kyrgyzstan,2017,5.63,8.526,0.883,63.8,0.859,0.143,0.874,0.755,0.16
Laos,2017,4.623,8.89,0.707,58.3,0.891,0.073,0.592,0.873,0.344
Latvia,2017,5.978,10.257,0.895,66.5,0.7,-0.154,0.798,0.623,0.232
Lebanon,2017,5.154,9.681,0.777,66.6,0.605,-0.074,0.911,0.515,0.244
Lesotho,2017,3.795,7.931,0.769,47.3,0.757,-0.145,0.797,0.746,0.255
Liberia,2017,4.424,7.324,0.685,55.3,0.733,-0.012,0.867,0.668,0.391
Libya,2017,5.647,9.491,0.823,62.3,0.779,-0.019,0.673,0.697,0.379
Lithuania,2017,6.273,10.429,0.926,66.7,0.749,-0.174,0.79,0.608,0.195
Luxembourg,2017,7.061,11.634,0.905,72.6,0.903,0.044,0.33,0.766,0.184
Madagascar,2017,4.079,7.368,0.626,58.7,0.57,-0.033,0.847,0.752,0.375
Malawi,2017,3.417,6.945,0.555,56.9,0.848,0.025,0.735,0.609,0.312
Mali,2017,4.742,7.718,0.741,51.2,0.753,-0.069,0.863,0.742,0.393
Malta,2017,6.676,10.635,0.937,72.2,0.924,0.253,0.69,0.721,0.302
Mauritania,2017,4.678,8.533,0.779,56.7,0.527,-0.153,0.777,0.637,0.272
Mauritius,2017,6.174,9.972,0.91,66.1,0.912,0.087,0.818,0.748,0.169
Mexico,2017,6.41,9.893,0.8,68,0.861,-0.202,0.801,0.843,0.231
Moldova,2017,5.326,9.363,0.831,64.3,0.553,-0.053,0.926,0.581,0.259
Mongolia,2017,5.334,9.334,0.924,62.1,0.675,0.119,0.865,0.675,0.214
Montenegro,2017,5.615,9.885,0.881,68.3,0.626,-0.083,0.756,0.519,0.35
Morocco,2017,5.312,8.898,0.641,65.6,0.814,-0.216,0.841,0.559,0.323
Mozambique,2017,4.28,7.157,0.678,53.2,0.823,-0.03,0.682,0.648,0.353
Myanmar,2017,4.154,8.464,0.795,58.7,0.886,0.65,0.619,0.746,0.282
Namibia,2017,4.441,9.215,0.828,56.2,0.81,-0.19,0.831,0.721,0.277
Nepal,2017,4.737,8.039,0.816,62.4,0.845,0.134,0.77,0.571,0.376
Netherlands,2017,7.459,10.921,0.937,72.2,0.92,0.25,0.363,0.852,0.185
New Zealand,2017,7.327,10.633,0.955,73,0.942,0.294,0.222,0.817,0.172
Nicaragua,2017,6.476,8.7,0.838,67.2,0.922,0.01,0.673,0.85,0.308
Niger,2017,4.616,7.058,0.582,53,0.684,-0.03,0.778,0.731,0.427
Nigeria,2017,5.322,8.555,0.733,49.3,0.826,0.124,0.835,0.725,0.236
North Macedonia,2017,5.234,9.65,0.8,65.303,0.752,-0.059,0.856,0.502,0.299
Norway,2017,7.579,11.05,0.95,73.1,0.953,0.236,0.25,0.849,0.203
Pakistan,2017,5.831,8.428,0.69,58.1,0.713,0.045,0.714,0.586,0.308
Panama,2017,6.568,10.324,0.912,69.5,0.9,-0.17,0.841,0.833,0.242
Paraguay,2017,5.713,9.441,0.902,65.5,0.891,0.003,0.81,0.903,0.232
Peru,2017,5.711,9.434,0.83,67.8,0.827,-0.154,0.895,0.789,0.394
Philippines,2017,5.594,9.002,0.851,61.8,0.926,-0.141,0.711,0.769,0.341
Poland,2017,6.201,10.314,0.882,68.9,0.831,-0.122,0.639,0.677,0.203
Portugal,2017,5.711,10.407,0.9,72.2,0.905,-0.176,0.881,0.649,0.294
Romania,2017,6.09,10.211,0.811,66.9,0.839,-0.16,0.926,0.734,0.231
Russia,2017,5.579,10.166,0.896,63.9,0.731,-0.145,0.862,0.71,0.195
Rwanda,2017,3.108,7.588,0.517,60.5,0.908,0.051,0.214,0.762,0.358
Senegal,2017,4.683,8.072,0.744,59.2,0.687,-0.044,0.825,0.746,0.291
Serbia,2017,5.122,9.713,0.884,67.8,0.685,-0.077,0.851,0.51,0.326
Sierra Leone,2017,4.09,7.404,0.652,49.2,0.711,0.079,0.848,0.6,0.495
Singapore,2017,6.378,11.461,0.897,76.5,0.926,0.136,0.162,0.8,0.179
Slovakia,2017,6.366,10.339,0.913,68.6,0.714,-0.055,0.92,0.788,0.213
Slovenia,2017,6.167,10.509,0.928,70.8,0.921,-0.025,0.829,0.615,0.286
South Africa,2017,4.514,9.45,0.87,56.1,0.787,-0.129,0.865,0.785,0.268
South Korea,2017,5.874,10.621,0.807,73.3,0.538,0.014,0.851,0.623,0.235
Spain,2017,6.23,10.586,0.903,74.1,0.756,-0.032,0.791,0.625,0.302
Sri Lanka,2017,4.331,9.44,0.823,67,0.827,0.094,0.844,0.795,0.27
Sweden,2017,7.287,10.873,0.914,72.5,0.935,0.17,0.239,0.814,0.175
Switzerland,2017,7.474,11.115,0.95,73.8,0.925,0.18,0.316,0.774,0.196
Tajikistan,2017,5.829,8.036,0.663,63.8,0.832,0.124,0.718,0.603,0.278
Tanzania,2017,3.347,7.836,0.705,57,0.8,0.116,0.654,0.715,0.255
Thailand,2017,5.939,9.765,0.877,67,0.923,0.212,0.884,0.816,0.232
Togo,2017,4.361,7.324,0.508,54.3,0.717,-0.042,0.726,0.614,0.426
Trinidad and Tobago,2017,6.192,10.183,0.916,63.5,0.859,0.015,0.911,0.846,0.248
Tunisia,2017,4.124,9.269,0.717,66.6,0.478,-0.219,0.869,0.421,0.377
Turkey,2017,5.607,10.238,0.876,66.4,0.644,-0.237,0.671,0.45,0.313
Uganda,2017,4.001,7.638,0.74,55.3,0.772,0.06,0.816,0.703,0.4
Ukraine,2017,4.311,9.382,0.858,64.3,0.599,-0.002,0.937,0.597,0.235
United Kingdom,2017,7.103,10.736,0.937,72.1,0.813,0.291,0.419,0.759,0.21
United States,2017,6.992,11.001,0.921,68.4,0.868,0.197,0.681,0.827,0.268
Uruguay,2017,6.336,9.968,0.914,68.9,0.898,-0.091,0.627,0.836,0.28
Uzbekistan,2017,6.421,8.782,0.942,64.8,0.985,0.123,0.465,0.839,0.203
Venezuela,2017,5.071,9.073,0.896,66.3,0.636,-0.169,0.844,0.726,0.363
Zambia,2017,3.933,8.156,0.744,54.8,0.823,0.14,0.74,0.685,0.387
Zimbabwe,2017,3.638,8.016,0.754,55,0.753,-0.098,0.751,0.806,0.224
Afghanistan,2016,4.22,7.697,0.559,53,0.523,0.042,0.793,0.565,0.348
Albania,2016,4.511,9.437,0.638,68.1,0.73,-0.017,0.901,0.675,0.322
Argentina,2016,6.427,10.051,0.883,68.4,0.848,-0.192,0.851,0.842,0.312
Armenia,2016,4.325,9.333,0.709,66.3,0.611,-0.17,0.921,0.594,0.437
Australia,2016,7.25,10.791,0.942,73,0.922,0.239,0.399,0.791,0.236
Austria,2016,7.048,10.891,0.926,72.4,0.889,0.08,0.524,0.756,0.197
Azerbaijan,2016,5.304,9.564,0.777,64.9,0.713,-0.204,0.607,0.598,0.191
Bangladesh,2016,4.556,8.274,0.649,63.3,0.875,-0.089,0.688,0.56,0.235
Belarus,2016,5.178,9.788,0.927,65.5,0.658,-0.125,0.664,0.554,0.182
Belgium,2016,6.949,10.819,0.929,71.6,0.866,-0.056,0.497,0.765,0.26
Benin,2016,4.007,7.993,0.493,53.5,0.78,-0.065,0.838,0.608,0.456
Bolivia,2016,5.77,9.012,0.796,63,0.882,-0.047,0.853,0.783,0.376
Bosnia and Herzegovina,2016,5.181,9.5,0.808,67.2,0.633,0.134,0.957,0.641,0.304
Botswana,2016,3.499,9.748,0.768,57.5,0.852,-0.253,0.729,0.686,0.252
Brazil,2016,6.375,9.578,0.912,66,0.807,-0.1,0.781,0.763,0.302
Bulgaria,2016,4.838,9.928,0.926,66.4,0.7,-0.17,0.936,0.622,0.172
Burkina Faso,2016,4.206,7.596,0.764,52.9,0.645,-0.001,0.721,0.616,0.337
Cambodia,2016,4.461,8.225,0.746,60.8,0.958,0.076,0.84,0.839,0.398
Cameroon,2016,4.816,8.167,0.659,51.1,0.713,-0.003,0.879,0.662,0.367
Canada,2016,7.245,10.773,0.924,73.2,0.912,0.211,0.385,0.825,0.237
Central African Republic,2016,2.693,6.785,0.29,44.9,0.624,0.033,0.859,0.579,0.494
Chad,2016,4.029,7.431,0.616,47.2,0.525,0.052,0.82,0.582,0.468
Chile,2016,6.579,10.074,0.841,69.7,0.652,0.102,0.858,0.869,0.283
Colombia,2016,6.234,9.571,0.882,67.1,0.835,-0.1,0.898,0.794,0.294
Congo (Brazzaville),2016,4.119,8.19,0.615,56.7,0.786,-0.072,0.79,0.61,0.304
Congo (Kinshasa),2016,4.522,6.962,0.864,52.5,0.637,-0.024,0.875,0.646,0.222
Costa Rica,2016,7.136,9.83,0.901,70.9,0.873,-0.032,0.781,0.874,0.281
Croatia,2016,5.417,10.146,0.798,69,0.672,-0.065,0.884,0.614,0.337
Cyprus,2016,5.795,10.506,0.786,73.3,0.756,-0.03,0.898,0.742,0.336
Czech Republic,2016,6.736,10.518,0.931,69.3,0.85,-0.197,0.9,0.756,0.201
Denmark,2016,7.558,10.903,0.954,71.8,0.948,0.138,0.21,0.836,0.208
Dominican Republic,2016,5.239,9.691,0.895,65.2,0.873,-0.08,0.737,0.76,0.278
Ecuador,2016,6.115,9.355,0.842,67.9,0.846,-0.015,0.774,0.846,0.365
Egypt,2016,4.557,9.287,0.809,61.1,0.656,-0.141,0.818,0.611,0.37
El Salvador,2016,6.14,9.025,0.794,65.5,0.8,-0.185,0.797,0.761,0.346
Estonia,2016,5.65,10.374,0.938,68.2,0.843,-0.149,0.639,0.726,0.177
Ethiopia,2016,4.298,7.547,0.719,57.5,0.744,0.038,0.703,0.727,0.254
Finland,2016,7.66,10.74,0.954,71.7,0.948,-0.027,0.25,0.797,0.182
France,2016,6.475,10.69,0.885,73.4,0.787,-0.091,0.623,0.773,0.27
Gabon,2016,4.832,9.639,0.78,58.7,0.699,-0.204,0.817,0.64,0.432
Georgia,2016,4.448,9.47,0.533,64.9,0.606,-0.249,0.561,0.564,0.223
Germany,2016,6.874,10.858,0.906,71.6,0.871,0.148,0.446,0.738,0.187
Ghana,2016,4.514,8.46,0.647,56.4,0.751,0.09,0.894,0.668,0.305
Greece,2016,5.303,10.261,0.803,72,0.482,-0.26,0.898,0.701,0.336
Guatemala,2016,6.359,9.013,0.811,64.2,0.863,0.011,0.812,0.846,0.321
Guinea,2016,3.603,7.721,0.675,52.2,0.726,-0.056,0.803,0.687,0.374
Haiti,2016,3.352,7.477,0.584,55.3,0.304,0.291,0.839,0.553,0.367
Honduras,2016,5.648,8.593,0.774,66.8,0.85,0.08,0.793,0.832,0.297
Hungary,2016,5.449,10.248,0.9,66.8,0.554,-0.187,0.924,0.666,0.243
Iceland,2016,7.51,10.904,0.985,73,0.952,0.281,0.719,0.874,0.158
India,2016,4.179,8.673,0.614,59.3,0.82,0.046,0.765,0.695,0.346
Indonesia,2016,5.136,9.262,0.792,61.7,0.83,0.5,0.89,0.833,0.342
Iran,2016,4.653,9.561,0.566,65.4,0.773,0.186,0.713,0.687,0.526
Iraq,2016,4.413,9.354,0.719,59,0.666,-0.052,0.799,0.489,0.57
Ireland,2016,7.041,11.199,0.958,72.1,0.875,0.174,0.399,0.809,0.211
Israel,2016,7.159,10.555,0.89,72.9,0.772,0.153,0.804,0.629,0.263
Italy,2016,5.955,10.622,0.927,73.2,0.624,-0.081,0.903,0.685,0.339
Ivory Coast,2016,4.543,8.437,0.617,48.3,0.769,-0.043,0.757,0.704,0.378
Japan,2016,5.955,10.595,0.9,74.8,0.836,-0.062,0.698,0.76,0.192
Kazakhstan,2016,5.534,10.095,0.928,63.4,0.783,-0.036,0.702,0.702,0.155
Kenya,2016,4.396,8.282,0.706,58.9,0.749,0.298,0.828,0.743,0.226
Kyrgyzstan,2016,4.857,8.5,0.914,63.5,0.814,0.056,0.917,0.778,0.126
Latvia,2016,5.94,10.211,0.917,66.2,0.685,-0.156,0.868,0.654,0.231
Lebanon,2016,5.271,9.687,0.828,66.1,0.657,0.031,0.853,0.553,0.263
Lesotho,2016,3.808,7.953,0.798,46.6,0.729,-0.099,0.743,0.732,0.27
Liberia,2016,3.355,7.324,0.643,54.5,0.763,0.033,0.901,0.636,0.509
Lithuania,2016,5.866,10.373,0.938,66.1,0.614,-0.266,0.949,0.594,0.25
Luxembourg,2016,6.967,11.64,0.941,72.6,0.882,0.019,0.356,0.758,0.192
Madagascar,2016,3.663,7.356,0.746,58.3,0.57,-0.069,0.864,0.813,0.204
Malawi,2016,3.476,6.932,0.524,56.2,0.81,0.066,0.824,0.603,0.325
Mali,2016,4.016,7.695,0.836,50.7,0.696,-0.07,0.862,0.807,0.305
Malta,2016,6.591,10.599,0.93,72.2,0.916,0.345,0.696,0.687,0.355
Mauritania,2016,4.472,8.526,0.785,56.4,0.467,-0.175,0.842,0.735,0.222
Mauritius,2016,5.61,9.935,0.836,65.8,0.819,0.139,0.891,0.785,0.246
Mexico,2016,6.824,9.884,0.893,67.7,0.752,-0.153,0.809,0.859,0.22
Moldova,2016,5.578,9.3,0.837,63.6,0.557,-0.047,0.969,0.621,0.275
Mongolia,2016,5.057,9.3,0.947,61.9,0.76,0.09,0.9,0.694,0.171
Montenegro,2016,5.304,9.839,0.866,68.1,0.569,-0.087,0.849,0.591,0.337
Morocco,2016,5.386,8.869,0.655,65.3,0.817,-0.237,0.717,0.713,0.205
Myanmar,2016,4.623,8.408,0.793,58.4,0.877,0.679,0.607,0.804,0.302
Nepal,2016,5.1,7.973,0.837,61.3,0.839,0.168,0.817,0.627,0.37
Netherlands,2016,7.541,10.899,0.926,72.1,0.907,0.239,0.433,0.838,0.215
New Zealand,2016,7.226,10.623,0.937,72.8,0.927,0.266,0.278,0.833,0.207
Nicaragua,2016,6.013,8.668,0.853,66.9,0.717,0.039,0.731,0.805,0.38
Niger,2016,4.235,7.047,0.683,52.5,0.702,-0.016,0.814,0.675,0.325
Nigeria,2016,5.22,8.573,0.805,48.9,0.798,0.043,0.905,0.732,0.252
North Macedonia,2016,5.346,9.64,0.871,65.225,0.706,0.08,0.87,0.639,0.292
Norway,2016,7.596,11.035,0.96,73,0.954,0.133,0.41,0.85,0.209
Pakistan,2016,5.549,8.394,0.627,57.7,0.634,0.095,0.793,0.648,0.332
Panama,2016,6.118,10.287,0.882,69.4,0.884,-0.102,0.837,0.858,0.244
Paraguay,2016,5.801,9.406,0.94,65.3,0.854,-0.071,0.756,0.925,0.197
Peru,2016,5.701,9.426,0.803,67.5,0.83,-0.134,0.866,0.822,0.338
Philippines,2016,5.431,8.95,0.821,61.7,0.908,-0.071,0.792,0.821,0.29
Poland,2016,6.162,10.266,0.917,68.5,0.871,-0.091,0.848,0.777,0.224
Portugal,2016,5.447,10.37,0.905,72,0.838,-0.225,0.922,0.684,0.326
Romania,2016,5.969,10.136,0.809,66.6,0.822,-0.115,0.949,0.694,0.258
Russia,2016,5.855,10.149,0.911,63.5,0.714,-0.181,0.925,0.636,0.142
Rwanda,2016,3.333,7.576,0.665,59.9,0.911,0.025,0.159,0.752,0.285
Senegal,2016,4.595,8.029,0.839,58.8,0.744,-0.086,0.794,0.784,0.245
Serbia,2016,5.753,9.688,0.895,67.4,0.614,-0.068,0.89,0.535,0.298
Sierra Leone,2016,4.733,7.384,0.657,47.6,0.681,0.106,0.863,0.584,0.456
Singapore,2016,6.033,11.419,0.925,76.2,0.904,0.143,0.047,0.824,0.111
Slovakia,2016,5.993,10.31,0.945,68.3,0.7,-0.061,0.917,0.774,0.232
Slovenia,2016,5.937,10.463,0.934,70.5,0.904,-0.055,0.838,0.626,0.272
South Africa,2016,4.77,9.45,0.875,55.7,0.774,-0.07,0.813,0.786,0.301
South Korea,2016,5.971,10.593,0.811,73,0.591,0.026,0.862,0.676,0.233
Spain,2016,6.319,10.56,0.942,73.8,0.768,-0.048,0.819,0.653,0.301
Sweden,2016,7.369,10.861,0.912,72.4,0.918,0.146,0.246,0.816,0.201
Switzerland,2016,7.459,11.106,0.928,73.5,0.934,0.088,0.302,0.779,0.206
Tajikistan,2016,5.104,7.987,0.857,63.5,0.703,0.01,0.632,0.644,0.22
Tanzania,2016,2.903,7.8,0.638,56.5,0.775,0.179,0.739,0.694,0.246
Thailand,2016,6.074,9.729,0.908,66.8,0.924,0.356,0.878,0.835,0.218
Togo,2016,3.879,7.306,0.509,53.9,0.73,-0.007,0.815,0.604,0.483
Tunisia,2016,4.521,9.262,0.702,66.3,0.614,-0.165,0.811,0.612,0.378
Turkey,2016,5.326,10.181,0.88,66,0.644,-0.065,0.764,0.465,0.39
Uganda,2016,4.233,7.637,0.754,54.9,0.739,0.132,0.811,0.668,0.41
Ukraine,2016,4.029,9.353,0.885,64,0.503,0.011,0.891,0.589,0.22
United Kingdom,2016,6.824,10.724,0.954,71.9,0.821,0.25,0.458,0.776,0.23
United States,2016,6.804,10.986,0.897,68.5,0.758,0.144,0.739,0.806,0.264
Uruguay,2016,6.171,9.946,0.9,68.8,0.886,-0.072,0.676,0.842,0.283
Venezuela,2016,4.041,9.01,0.902,66.1,0.458,-0.155,0.89,0.688,0.392
Vietnam,2016,5.062,8.82,0.876,67.5,0.894,-0.09,0.799,0.536,0.223
Zambia,2016,4.348,8.151,0.767,54.3,0.812,0.122,0.771,0.731,0.372
Zimbabwe,2016,3.735,7.984,0.768,54.4,0.733,-0.095,0.724,0.738,0.209
Afghanistan,2015,3.983,7.702,0.529,53.2,0.389,0.08,0.881,0.554,0.339
Albania,2015,4.607,9.403,0.639,67.8,0.704,-0.081,0.885,0.688,0.35
Argentina,2015,6.697,10.083,0.926,68.2,0.881,-0.174,0.851,0.859,0.305
Armenia,2015,4.348,9.334,0.723,66,0.551,-0.203,0.901,0.594,0.438
Australia,2015,7.309,10.779,0.952,72.7,0.922,0.332,0.357,0.79,0.21
Austria,2015,7.076,10.881,0.928,72.1,0.9,0.099,0.557,0.798,0.164
Azerbaijan,2015,5.147,9.606,0.786,64.6,0.764,-0.198,0.616,0.607,0.206
Bangladesh,2015,4.633,8.216,0.601,62.8,0.815,-0.068,0.721,0.635,0.226
Belarus,2015,5.719,9.815,0.924,65.2,0.623,-0.091,0.669,0.584,0.184
Belgium,2015,6.904,10.81,0.885,71.4,0.869,0.062,0.469,0.805,0.24
Benin,2015,3.625,7.988,0.434,53.1,0.733,-0.027,0.85,0.592,0.373
Bhutan,2015,5.082,9.219,0.848,60.2,0.83,0.277,0.634,0.81,0.312
Bolivia,2015,5.834,8.985,0.829,62.7,0.884,-0.03,0.862,0.786,0.393
Bosnia and Herzegovina,2015,5.117,9.457,0.656,66.9,0.631,-0.055,0.96,0.534,0.286
Botswana,2015,3.762,9.724,0.816,56.8,0.857,-0.116,0.86,0.746,0.261
Brazil,2015,6.547,9.62,0.907,65.8,0.799,-0.016,0.771,0.755,0.325
Bulgaria,2015,4.865,9.883,0.908,66.2,0.637,-0.2,0.941,0.643,0.214
Burkina Faso,2015,4.419,7.568,0.705,52.4,0.659,0.004,0.693,0.579,0.359
Cambodia,2015,4.162,8.173,0.729,60.4,0.956,0.21,0.825,0.813,0.399
Cameroon,2015,5.038,8.149,0.646,50.3,0.791,0.049,0.868,0.651,0.346
Canada,2015,7.413,10.774,0.939,73,0.931,0.253,0.427,0.845,0.286
Chad,2015,4.323,7.527,0.751,46.7,0.474,-0.029,0.889,0.607,0.358
Chile,2015,6.533,10.07,0.827,69.6,0.769,0.041,0.812,0.803,0.333
Colombia,2015,6.388,9.564,0.89,66.8,0.791,-0.1,0.843,0.839,0.292
Congo (Brazzaville),2015,4.691,8.243,0.642,56.1,0.85,-0.104,0.841,0.606,0.261
Congo (Kinshasa),2015,3.903,6.971,0.767,52.1,0.574,-0.048,0.866,0.589,0.301
Costa Rica,2015,6.854,9.799,0.878,70.7,0.907,-0.059,0.761,0.85,0.286
Croatia,2015,5.205,10.104,0.768,68.4,0.694,-0.096,0.849,0.609,0.294
Cyprus,2015,5.439,10.445,0.77,73.1,0.628,0.114,0.893,0.747,0.383
Czech Republic,2015,6.608,10.496,0.911,68.8,0.808,-0.146,0.886,0.751,0.206
Denmark,2015,7.514,10.878,0.96,71.5,0.941,0.222,0.191,0.829,0.218
Dominican Republic,2015,5.062,9.637,0.893,64.9,0.856,-0.065,0.755,0.714,0.295
Ecuador,2015,5.964,9.384,0.856,67.6,0.801,-0.114,0.666,0.851,0.323
Egypt,2015,4.763,9.266,0.73,60.8,0.659,-0.089,0.684,0.61,0.344
El Salvador,2015,6.018,9.005,0.791,65.2,0.733,-0.156,0.805,0.826,0.333
Estonia,2015,5.629,10.348,0.918,68,0.815,-0.164,0.569,0.723,0.183
Ethiopia,2015,4.573,7.484,0.626,57,0.803,0.113,0.567,0.714,0.237
Finland,2015,7.448,10.716,0.948,71.6,0.93,0.111,0.223,0.751,0.191
France,2015,6.358,10.682,0.896,73.2,0.817,-0.139,0.641,0.786,0.215
Gabon,2015,4.661,9.649,0.756,58.2,0.671,-0.194,0.867,0.626,0.372
Georgia,2015,4.122,9.442,0.517,65.1,0.64,-0.205,0.502,0.547,0.233
Germany,2015,7.037,10.844,0.926,71.3,0.889,0.178,0.412,0.765,0.203
Ghana,2015,3.986,8.449,0.687,56,0.852,-0.038,0.945,0.69,0.265
Greece,2015,5.623,10.259,0.835,71.8,0.532,-0.272,0.824,0.74,0.277
Guatemala,2015,6.465,9.003,0.823,63.9,0.869,0.051,0.822,0.851,0.311
Guinea,2015,3.505,7.645,0.579,51.1,0.666,0.007,0.762,0.667,0.268
Haiti,2015,3.57,7.476,0.564,55.1,0.398,0.306,0.777,0.619,0.333
Honduras,2015,4.845,8.572,0.772,66.6,0.534,-0.097,0.848,0.863,0.311
Hungary,2015,5.344,10.223,0.859,66.4,0.558,-0.198,0.908,0.707,0.245
Iceland,2015,7.498,10.854,0.98,73,0.94,0.301,0.639,0.849,0.18
India,2015,4.342,8.604,0.61,58.9,0.777,-0.005,0.776,0.701,0.322
Indonesia,2015,5.043,9.225,0.809,61.5,0.779,0.471,0.946,0.876,0.274
Iran,2015,4.75,9.449,0.572,65.1,0.78,0.176,0.699,0.645,0.52
Iraq,2015,4.493,9.241,0.684,58.4,0.599,0.019,0.762,0.49,0.581
Ireland,2015,6.83,11.174,0.953,72,0.892,0.233,0.409,0.799,0.225
Israel,2015,7.079,10.536,0.864,72.7,0.753,0.108,0.789,0.697,0.256
Italy,2015,5.848,10.608,0.909,73,0.575,-0.064,0.913,0.692,0.329
Ivory Coast,2015,4.445,8.393,0.704,47.7,0.8,-0.053,0.744,0.664,0.347
Japan,2015,5.88,10.588,0.923,74.7,0.832,-0.155,0.654,0.768,0.176
Kazakhstan,2015,5.95,10.098,0.931,62.8,0.74,-0.037,0.714,0.73,0.174
Kenya,2015,4.358,8.249,0.777,58.3,0.793,0.221,0.853,0.702,0.172
Kyrgyzstan,2015,4.905,8.477,0.857,63.2,0.813,0.2,0.858,0.767,0.173
Latvia,2015,5.881,10.185,0.879,65.9,0.656,-0.077,0.808,0.608,0.228
Lebanon,2015,5.172,9.699,0.742,65.6,0.597,0.073,0.889,0.568,0.243
Liberia,2015,2.702,7.365,0.638,53.7,0.671,-0.061,0.903,0.505,0.388
Lithuania,2015,5.711,10.335,0.929,65.5,0.641,-0.254,0.924,0.595,0.276
Luxembourg,2015,6.702,11.617,0.934,72.6,0.932,0.052,0.375,0.757,0.193
Madagascar,2015,3.593,7.344,0.647,57.9,0.545,-0.041,0.861,0.802,0.226
Malawi,2015,3.868,6.935,0.494,55.5,0.801,0.058,0.835,0.633,0.26
Malaysia,2015,6.322,10.118,0.818,66.4,0.675,0.222,0.838,0.775,0.314
Mali,2015,4.582,7.669,0.83,50.2,0.634,-0.068,0.8,0.709,0.243
Malta,2015,6.613,10.566,0.919,72.2,0.912,0.347,0.664,0.68,0.355
Mauritania,2015,3.923,8.542,0.875,56.1,0.447,0.055,0.715,0.82,0.194
Mexico,2015,6.236,9.867,0.761,67.4,0.719,-0.152,0.708,0.745,0.237
Moldova,2015,6.017,9.246,0.84,62.9,0.595,-0.09,0.943,0.59,0.281
Mongolia,2015,4.983,9.308,0.906,61.7,0.686,0.173,0.9,0.653,0.208
Montenegro,2015,5.125,9.81,0.74,67.9,0.583,-0.144,0.781,0.58,0.337
Morocco,2015,5.163,8.872,0.606,65,0.713,-0.228,0.842,0.661,0.262
Mozambique,2015,4.55,7.141,0.666,51.2,0.813,0.089,0.632,0.564,0.34
Myanmar,2015,4.224,8.359,0.752,58.1,0.808,0.688,0.633,0.866,0.272
Nepal,2015,4.812,7.976,0.748,60.2,0.763,0.227,0.824,0.543,0.358
Netherlands,2015,7.324,10.882,0.879,72,0.904,0.261,0.412,0.834,0.202
New Zealand,2015,7.418,10.608,0.987,72.6,0.942,0.329,0.186,0.834,0.16
Nicaragua,2015,5.924,8.636,0.827,66.6,0.809,0.077,0.728,0.797,0.346
Niger,2015,3.671,7.03,0.713,52,0.728,-0.032,0.703,0.682,0.218
Nigeria,2015,4.933,8.615,0.812,48.5,0.68,-0.035,0.926,0.717,0.251
North Macedonia,2015,4.976,9.613,0.766,65.145,0.66,-0.047,0.824,0.62,0.299
Norway,2015,7.603,11.033,0.947,72.9,0.948,0.257,0.299,0.843,0.209
Pakistan,2015,4.823,8.361,0.562,57.3,0.587,0.085,0.717,0.575,0.329
Panama,2015,6.606,10.255,0.883,69.3,0.847,-0.007,0.81,0.801,0.264
Paraguay,2015,5.56,9.377,0.914,65.1,0.806,-0.008,0.863,0.866,0.219
Peru,2015,5.577,9.402,0.798,67.2,0.802,-0.09,0.884,0.754,0.378
Philippines,2015,5.547,8.896,0.854,61.6,0.912,-0.051,0.755,0.805,0.351
Poland,2015,6.007,10.235,0.893,68.1,0.793,-0.093,0.81,0.734,0.24
Portugal,2015,5.081,10.347,0.866,71.8,0.8,-0.163,0.941,0.657,0.371
Romania,2015,5.777,10.083,0.787,66.3,0.796,-0.141,0.962,0.714,0.312
Russia,2015,5.996,10.149,0.924,63.1,0.685,-0.171,0.913,0.679,0.13
Rwanda,2015,3.483,7.544,0.678,59.3,0.908,0.025,0.095,0.721,0.206
Senegal,2015,4.617,7.995,0.702,58.4,0.72,-0.111,0.765,0.711,0.208
Serbia,2015,5.318,9.649,0.816,67,0.546,-0.062,0.859,0.496,0.303
Sierra Leone,2015,4.909,7.347,0.611,46,0.624,0.05,0.825,0.625,0.414
Singapore,2015,6.62,11.4,0.866,75.9,0.887,0.15,0.099,0.803,0.142
Slovakia,2015,6.162,10.291,0.943,68,0.587,-0.128,0.928,0.714,0.269
Slovenia,2015,5.741,10.433,0.901,70.2,0.896,0.008,0.892,0.659,0.261
South Africa,2015,4.887,9.46,0.898,55.3,0.862,-0.127,0.853,0.781,0.161
South Korea,2015,5.78,10.568,0.768,72.7,0.616,-0.036,0.841,0.65,0.244
Spain,2015,6.381,10.531,0.956,73.5,0.732,-0.072,0.822,0.732,0.285
Sri Lanka,2015,4.612,9.383,0.863,66.6,0.902,0.319,0.859,0.848,0.235
Sweden,2015,7.289,10.853,0.929,72.3,0.935,0.211,0.232,0.818,0.191
Switzerland,2015,7.572,11.1,0.938,73.2,0.928,0.109,0.21,0.809,0.166
Syria,2015,3.462,8.442,0.464,55.2,0.448,0.045,0.685,0.369,0.643
Tajikistan,2015,5.124,7.945,0.844,63.2,0.847,0.022,0.742,0.689,0.196
Tanzania,2015,3.661,7.764,0.79,56,0.759,0.149,0.906,0.619,0.192
Thailand,2015,6.202,9.699,0.866,66.6,0.885,0.316,0.914,0.91,0.174
Togo,2015,3.768,7.277,0.479,53.5,0.772,-0.069,0.733,0.599,0.416
Tunisia,2015,5.132,9.261,0.609,66,0.711,-0.226,0.815,0.573,0.32
Turkey,2015,5.514,10.166,0.851,65.6,0.653,-0.016,0.806,0.46,0.382
Uganda,2015,4.238,7.627,0.747,54.5,0.758,0.135,0.873,0.703,0.353
Ukraine,2015,3.965,9.327,0.909,63.7,0.431,-0.033,0.952,0.574,0.241
United Kingdom,2015,6.515,10.712,0.936,71.7,0.833,0.3,0.456,0.798,0.219
United States,2015,6.864,10.977,0.904,68.6,0.849,0.219,0.698,0.814,0.275
Uruguay,2015,6.628,9.932,0.891,68.7,0.917,-0.032,0.673,0.893,0.3
Uzbekistan,2015,5.972,8.714,0.968,64.2,0.98,0.375,0.471,0.84,0.103
Venezuela,2015,5.569,9.001,0.911,65.9,0.512,-0.117,0.813,0.867,0.223
Yemen,2015,2.983,7.858,0.669,54.3,0.61,-0.139,0.829,0.507,0.321
Zambia,2015,4.843,8.144,0.691,53.8,0.759,-0.039,0.871,0.69,0.382
Zimbabwe,2015,3.703,7.992,0.736,53.8,0.667,-0.123,0.81,0.715,0.179
Afghanistan,2014,3.131,7.718,0.526,52.88,0.509,0.104,0.871,0.532,0.375
Albania,2014,4.814,9.378,0.626,67.52,0.735,-0.025,0.883,0.685,0.335
Angola,2014,3.795,9.017,0.755,54.6,0.375,-0.168,0.834,0.579,0.368
Argentina,2014,6.671,10.067,0.918,68.02,0.745,-0.164,0.854,0.857,0.238
Armenia,2014,4.453,9.307,0.739,65.84,0.506,-0.218,0.92,0.581,0.404
Australia,2014,7.289,10.772,0.924,72.6,0.923,0.319,0.442,0.775,0.245
Austria,2014,6.95,10.882,0.899,71.96,0.885,0.118,0.567,0.78,0.17
Azerbaijan,2014,5.252,9.607,0.799,64.36,0.733,-0.208,0.654,0.598,0.22
Belarus,2014,5.812,9.856,0.88,64.62,0.647,-0.048,0.682,0.619,0.209
Belgium,2014,6.855,10.795,0.944,71.28,0.861,0.001,0.512,0.798,0.252
Belize,2014,5.956,8.883,0.757,62.22,0.874,0.022,0.782,0.755,0.282
Benin,2014,3.347,7.998,0.506,52.82,0.776,-0.096,0.855,0.59,0.273
Bhutan,2014,4.939,9.167,0.88,59.9,0.834,0.268,0.65,0.859,0.324
Bolivia,2014,5.865,8.953,0.821,62.36,0.881,0.018,0.832,0.809,0.398
Bosnia and Herzegovina,2014,5.249,9.411,0.788,66.86,0.412,0.232,0.976,0.531,0.262
Botswana,2014,4.031,9.756,0.859,56.02,0.791,-0.105,0.743,0.674,0.245
Brazil,2014,6.981,9.664,0.898,65.54,0.714,-0.115,0.71,0.788,0.274
Bulgaria,2014,4.438,9.838,0.886,66.1,0.576,-0.055,0.955,0.628,0.236
Burkina Faso,2014,3.481,7.559,0.742,51.86,0.71,-0.004,0.801,0.614,0.256
Burundi,2014,2.905,6.787,0.565,51.82,0.431,-0.059,0.808,0.656,0.251
Cambodia,2014,3.883,8.121,0.693,60.02,0.938,0.239,0.843,0.783,0.482
Cameroon,2014,4.24,8.12,0.778,49.9,0.795,-0.071,0.856,0.623,0.216
Canada,2014,7.304,10.775,0.918,72.84,0.939,0.27,0.442,0.833,0.259
Chad,2014,3.46,7.532,0.733,46.38,0.567,-0.07,0.881,0.536,0.329
Chile,2014,6.844,10.059,0.862,69.46,0.733,0.217,0.758,0.87,0.276
Colombia,2014,6.449,9.546,0.907,66.58,0.801,-0.09,0.887,0.847,0.278
Congo (Brazzaville),2014,4.056,8.242,0.686,55.72,0.662,-0.11,0.808,0.595,0.4
Congo (Kinshasa),2014,4.414,6.937,0.822,51.66,0.556,0.009,0.814,0.559,0.305
Costa Rica,2014,7.247,9.775,0.914,70.5,0.927,0.01,0.788,0.837,0.29
Croatia,2014,5.381,10.072,0.646,68.3,0.519,0.132,0.918,0.596,0.286
Cyprus,2014,5.627,10.406,0.77,72.96,0.715,0.06,0.868,0.737,0.397
Czech Republic,2014,6.484,10.446,0.878,68.66,0.8,-0.168,0.897,0.678,0.235
Denmark,2014,7.508,10.862,0.956,71.28,0.942,0.118,0.237,0.832,0.233
Dominican Republic,2014,5.387,9.582,0.891,64.68,0.905,-0.02,0.76,0.798,0.3
Ecuador,2014,5.946,9.399,0.831,67.44,0.719,-0.167,0.661,0.859,0.306
Egypt,2014,4.885,9.245,0.619,60.64,0.578,-0.126,0.749,0.543,0.327
El Salvador,2014,5.857,8.986,0.798,65,0.778,-0.194,0.781,0.837,0.33
Estonia,2014,5.556,10.331,0.917,67.74,0.773,-0.153,0.652,0.68,0.203
Ethiopia,2014,4.507,7.413,0.64,56.4,0.694,0.08,0.702,0.738,0.303
Finland,2014,7.385,10.714,0.952,71.36,0.933,-0.001,0.265,0.784,0.199
France,2014,6.467,10.674,0.878,73,0.803,-0.118,0.656,0.811,0.216
Gabon,2014,3.918,9.644,0.829,57.52,0.607,-0.198,0.782,0.539,0.293
Georgia,2014,4.288,9.414,0.558,65.04,0.72,-0.233,0.416,0.57,0.204
Germany,2014,6.984,10.835,0.938,71.22,0.899,0.088,0.474,0.785,0.188
Ghana,2014,3.86,8.45,0.651,55.62,0.677,0.001,0.913,0.696,0.28
Greece,2014,4.756,10.257,0.832,71.74,0.369,-0.288,0.93,0.695,0.385
Guatemala,2014,6.536,8.98,0.834,63.54,0.843,0.108,0.804,0.835,0.305
Guinea,2014,3.412,7.632,0.638,50.88,0.684,0.006,0.705,0.629,0.351
Haiti,2014,3.889,7.477,0.554,50.54,0.509,0.285,0.708,0.593,0.327
Honduras,2014,5.056,8.552,0.79,66.38,0.696,0.015,0.834,0.82,0.299
Hungary,2014,5.181,10.183,0.845,66.24,0.494,-0.15,0.855,0.651,0.238
India,2014,4.424,8.538,0.621,58.6,0.809,-0.026,0.832,0.711,0.285
Indonesia,2014,5.597,9.19,0.905,61.28,0.719,0.408,0.97,0.852,0.242
Iran,2014,4.682,9.476,0.644,64.86,0.767,0.241,0.64,0.618,0.512
Iraq,2014,4.542,9.25,0.725,58.64,0.646,-0.001,0.726,0.574,0.564
Ireland,2014,7.018,10.959,0.968,71.9,0.922,0.264,0.406,0.784,0.229
Israel,2014,7.401,10.533,0.889,72.64,0.707,0.094,0.818,0.604,0.271
Italy,2014,6.027,10.599,0.898,72.96,0.624,-0.065,0.92,0.716,0.356
Ivory Coast,2014,3.57,8.334,0.711,47.4,0.781,-0.08,0.671,0.647,0.291
Jamaica,2014,5.311,9.152,0.874,66.58,0.809,-0.001,0.861,0.737,0.31
Japan,2014,5.923,10.575,0.9,74.52,0.838,-0.139,0.617,0.742,0.189
Kazakhstan,2014,5.97,10.101,0.795,62.28,0.799,0.004,0.805,0.718,0.169
Kenya,2014,4.905,8.219,0.765,57.74,0.819,0.172,0.849,0.814,0.221
Kyrgyzstan,2014,5.252,8.46,0.898,62.78,0.736,0.355,0.897,0.725,0.185
Latvia,2014,5.729,10.144,0.881,65.64,0.671,-0.043,0.804,0.652,0.226
Lebanon,2014,5.233,9.739,0.759,65.52,0.657,-0.012,0.939,0.559,0.267
Liberia,2014,4.571,7.391,0.708,53.28,0.59,-0.03,0.869,0.543,0.443
Lithuania,2014,6.126,10.306,0.908,65.3,0.508,-0.263,0.956,0.619,0.287
Luxembourg,2014,6.891,11.598,0.875,72.42,0.938,0.106,0.366,0.803,0.17
Madagascar,2014,3.676,7.34,0.655,57.48,0.529,-0.023,0.791,0.748,0.192
Malawi,2014,4.563,6.935,0.512,54.48,0.786,0.061,0.824,0.704,0.263
Malaysia,2014,5.963,10.082,0.863,66.24,0.808,0.239,0.845,0.77,0.261
Mali,2014,3.975,7.638,0.843,49.84,0.652,-0.037,0.658,0.741,0.186
Malta,2014,6.452,10.486,0.941,72.08,0.904,0.404,0.67,0.652,0.352
Mauritania,2014,4.483,8.519,0.853,55.78,0.468,-0.054,0.589,0.755,0.163
Mauritius,2014,5.648,9.865,0.785,65.3,0.824,0.176,0.879,0.808,0.222
Mexico,2014,6.68,9.847,0.782,67.22,0.779,-0.094,0.63,0.802,0.229
Moldova,2014,5.917,9.241,0.805,62.58,0.623,-0.113,0.925,0.583,0.26
Mongolia,2014,4.825,9.304,0.943,61.4,0.752,0.146,0.909,0.627,0.17
Montenegro,2014,5.283,9.777,0.863,67.74,0.503,0.097,0.768,0.587,0.368
Namibia,2014,4.574,9.232,0.763,55.16,0.849,-0.183,0.79,0.749,0.239
Nepal,2014,4.975,7.948,0.786,60,0.712,0.121,0.841,0.614,0.287
Netherlands,2014,7.321,10.867,0.909,71.88,0.91,0.331,0.457,0.868,0.221
New Zealand,2014,7.306,10.592,0.942,72.48,0.932,0.348,0.273,0.848,0.199
Nicaragua,2014,6.275,8.602,0.839,66.38,0.817,0.104,0.699,0.813,0.334
Niger,2014,4.181,7.027,0.753,51.48,0.688,-0.046,0.605,0.678,0.205
North Macedonia,2014,5.204,9.576,0.793,65.053,0.645,0.035,0.861,0.637,0.307
Norway,2014,7.444,11.024,0.941,72.68,0.956,0.181,0.405,0.834,0.194
Pakistan,2014,5.436,8.336,0.552,57.08,0.543,0.14,0.677,0.585,0.295
Panama,2014,6.631,10.217,0.873,69.1,0.894,0.002,0.847,0.808,0.254
Paraguay,2014,5.119,9.36,0.959,64.98,0.759,-0.002,0.762,0.944,0.216
Peru,2014,5.866,9.382,0.819,67.02,0.722,-0.136,0.878,0.759,0.319
Philippines,2014,5.313,8.85,0.813,61.4,0.902,-0.015,0.787,0.813,0.334
Poland,2014,5.75,10.197,0.924,67.94,0.875,-0.064,0.898,0.777,0.223
Portugal,2014,5.127,10.325,0.862,71.6,0.847,-0.126,0.941,0.705,0.358
Romania,2014,5.727,10.041,0.753,66.08,0.754,-0.1,0.958,0.654,0.331
Russia,2014,6.037,10.171,0.932,62.68,0.744,-0.265,0.869,0.688,0.151
Rwanda,2014,3.596,7.484,0.748,58.68,0.894,-0.023,0.078,0.763,0.134
Senegal,2014,4.395,7.961,0.856,57.94,0.692,-0.045,0.7,0.725,0.157
Serbia,2014,5.113,9.627,0.783,66.84,0.532,0.072,0.912,0.498,0.326
Sierra Leone,2014,4.5,7.6,0.869,45.58,0.681,0.034,0.786,0.57,0.334
Singapore,2014,7.062,11.383,0.822,75.68,0.835,0.154,0.133,0.841,0.18
Slovakia,2014,6.139,10.244,0.924,67.76,0.635,-0.126,0.914,0.703,0.267
Slovenia,2014,5.678,10.412,0.908,70,0.888,0.052,0.909,0.62,0.291
South Africa,2014,4.828,9.464,0.881,54.34,0.794,-0.117,0.82,0.798,0.243
South Korea,2014,5.801,10.546,0.738,72.44,0.623,-0.043,0.834,0.653,0.283
Spain,2014,6.456,10.492,0.948,73.38,0.738,-0.028,0.854,0.716,0.335
Sri Lanka,2014,4.268,9.344,0.805,66.5,0.868,0.299,0.791,0.843,0.187
Sudan,2014,4.139,8.317,0.811,55.12,0.39,-0.063,0.794,0.541,0.303
Sweden,2014,7.239,10.82,0.933,72.22,0.945,0.202,0.25,0.836,0.208
Switzerland,2014,7.493,11.098,0.959,73.06,0.949,0.06,0.283,0.823,0.189
Tajikistan,2014,4.896,7.911,0.81,63.04,0.853,0.002,0.698,0.656,0.196
Tanzania,2014,3.483,7.734,0.789,55.26,0.654,0.11,0.878,0.731,0.241
Thailand,2014,6.985,9.672,0.933,66.38,0.9,0.553,0.92,0.811,0.169
Togo,2014,2.839,7.247,0.444,53.02,0.663,-0.085,0.795,0.583,0.443
Tunisia,2014,4.764,9.26,0.68,65.82,0.589,-0.232,0.783,0.503,0.321
Turkey,2014,5.58,10.124,0.863,65.36,0.649,-0.024,0.764,0.483,0.377
Uganda,2014,3.77,7.611,0.821,53.68,0.834,0.009,0.898,0.681,0.397
Ukraine,2014,4.297,9.426,0.877,63.4,0.533,0.084,0.927,0.594,0.249
United Kingdom,2014,6.758,10.697,0.91,71.62,0.857,0.355,0.484,0.794,0.251
United States,2014,7.151,10.956,0.902,68.62,0.866,0.221,0.702,0.834,0.281
Uruguay,2014,6.561,9.932,0.902,68.56,0.904,-0.073,0.533,0.869,0.251
Uzbekistan,2014,6.049,8.659,0.952,64,0.954,0.061,0.536,0.805,0.106
Venezuela,2014,6.136,9.557,0.904,65.86,0.57,-0.199,0.827,0.811,0.244
Yemen,2014,3.968,8.117,0.638,54.3,0.664,-0.157,0.885,0.611,0.276
Zambia,2014,4.346,8.146,0.706,53.06,0.812,-0.011,0.809,0.692,0.327
Zimbabwe,2014,4.184,7.991,0.766,52.38,0.642,-0.074,0.82,0.725,0.239
Afghanistan,2013,3.572,7.725,0.484,52.56,0.578,0.061,0.823,0.621,0.273
Albania,2013,4.551,9.359,0.759,67.24,0.632,-0.127,0.863,0.634,0.338
Angola,2013,3.937,9.005,0.722,53.9,0.41,-0.104,0.816,0.658,0.371
Argentina,2013,6.582,10.103,0.91,67.84,0.737,-0.13,0.823,0.842,0.254
Armenia,2013,4.277,9.277,0.723,65.68,0.504,-0.195,0.9,0.562,0.45
Australia,2013,7.364,10.762,0.928,72.5,0.933,0.269,0.432,0.819,0.177
Austria,2013,7.499,10.883,0.95,71.82,0.922,0.168,0.679,0.787,0.163
Azerbaijan,2013,5.481,9.592,0.77,64.12,0.672,-0.168,0.699,0.619,0.242
Bangladesh,2013,4.66,8.116,0.53,61.96,0.742,-0.016,0.743,0.619,0.246
Belarus,2013,5.876,9.839,0.923,64.04,0.723,-0.177,0.653,0.609,0.206
Belgium,2013,7.104,10.784,0.909,71.16,0.891,0.017,0.574,0.797,0.217
Benin,2013,3.479,7.964,0.577,52.54,0.783,-0.085,0.856,0.702,0.216
Bhutan,2013,5.569,9.123,0.819,59.6,0.81,0.353,0.802,0.779,0.217
Bolivia,2013,5.767,8.915,0.803,62.02,0.846,-0.067,0.812,0.759,0.41
Bosnia and Herzegovina,2013,5.124,9.382,0.767,66.82,0.39,0.042,0.97,0.544,0.315
Botswana,2013,4.128,9.728,0.856,55.24,0.767,-0.154,0.749,0.698,0.244
Brazil,2013,7.14,9.668,0.91,65.28,0.785,-0.095,0.707,0.818,0.276
Bulgaria,2013,3.993,9.813,0.829,66,0.603,-0.191,0.962,0.623,0.278
Burkina Faso,2013,3.326,7.546,0.745,51.32,0.741,-0.016,0.765,0.63,0.287
Cambodia,2013,3.674,8.068,0.651,59.64,0.941,0.164,0.812,0.792,0.44
Cameroon,2013,4.271,8.09,0.76,49.5,0.794,-0.03,0.867,0.681,0.268
Canada,2013,7.594,10.757,0.936,72.68,0.916,0.316,0.406,0.851,0.263
Chad,2013,3.508,7.498,0.714,46.06,0.488,-0.045,0.882,0.462,0.314
Chile,2013,6.74,10.053,0.862,69.32,0.737,0.085,0.741,0.855,0.285
Colombia,2013,6.607,9.512,0.901,66.36,0.841,-0.071,0.898,0.851,0.278
Congo (Brazzaville),2013,3.955,8.201,0.68,55.34,0.726,-0.078,0.752,0.61,0.291
Congo (Kinshasa),2013,4.497,6.88,0.83,51.22,0.48,0.012,0.913,0.589,0.187
Costa Rica,2013,7.158,9.751,0.902,70.3,0.898,0.018,0.813,0.85,0.278
Croatia,2013,5.885,10.069,0.751,68.2,0.627,-0.204,0.936,0.59,0.285
Cyprus,2013,5.439,10.414,0.744,72.82,0.656,0.102,0.867,0.748,0.42
Czech Republic,2013,6.698,10.42,0.888,68.52,0.726,-0.156,0.916,0.72,0.253
Denmark,2013,7.589,10.851,0.965,71.06,0.92,0.215,0.17,0.862,0.195
Dominican Republic,2013,5.016,9.525,0.878,64.46,0.889,0.021,0.752,0.793,0.295
Ecuador,2013,6.019,9.377,0.801,67.28,0.787,-0.191,0.646,0.851,0.267
Egypt,2013,3.559,9.239,0.675,60.48,0.474,-0.141,0.913,0.551,0.483
El Salvador,2013,6.325,8.974,0.827,64.8,0.716,-0.15,0.772,0.828,0.317
Estonia,2013,5.367,10.299,0.901,67.48,0.754,-0.201,0.726,0.702,0.199
Ethiopia,2013,4.445,7.343,0.602,55.8,0.707,-0.008,0.75,0.643,0.213
Finland,2013,7.445,10.722,0.941,71.12,0.919,0.04,0.306,0.769,0.195
France,2013,6.667,10.669,0.908,72.8,0.878,-0.125,0.699,0.8,0.205
Gabon,2013,3.8,9.638,0.733,56.84,0.682,-0.146,0.78,0.51,0.287
Georgia,2013,4.349,9.371,0.559,64.98,0.722,-0.254,0.349,0.595,0.2
Germany,2013,6.965,10.817,0.931,71.14,0.894,0.024,0.566,0.743,0.205
Ghana,2013,4.965,8.445,0.676,55.24,0.794,-0.065,0.88,0.691,0.211
Greece,2013,4.72,10.243,0.687,71.68,0.426,-0.272,0.941,0.689,0.482
Guatemala,2013,5.985,8.953,0.83,63.18,0.884,0.045,0.817,0.867,0.333
Guinea,2013,3.902,7.619,0.567,50.66,0.693,0.091,0.815,0.6,0.348
Haiti,2013,4.622,7.464,0.648,45.98,0.61,0.289,0.669,0.538,0.327
Honduras,2013,4.713,8.54,0.792,66.16,0.698,-0.027,0.868,0.817,0.283
Hungary,2013,4.914,10.14,0.877,66.08,0.674,-0.113,0.912,0.706,0.307
Iceland,2013,7.501,10.809,0.967,72.84,0.923,0.306,0.713,0.87,0.156
India,2013,4.428,8.478,0.553,58.3,0.74,0.084,0.832,0.68,0.33
Indonesia,2013,5.292,9.155,0.794,61.06,0.781,0.376,0.973,0.893,0.249
Iran,2013,5.14,9.443,0.664,64.62,0.73,0.216,0.685,0.659,0.552
Ireland,2013,6.76,10.884,0.955,71.8,0.884,0.331,0.558,0.814,0.245
Israel,2013,7.321,10.515,0.909,72.58,0.739,0.15,0.849,0.698,0.409
Italy,2013,6.009,10.608,0.916,72.92,0.499,-0.102,0.943,0.779,0.357
Ivory Coast,2013,3.739,8.274,0.709,47.1,0.739,-0.031,0.691,0.743,0.306
Jamaica,2013,5.709,9.151,0.865,66.46,0.793,-0.021,0.931,0.734,0.312
Japan,2013,5.959,10.57,0.924,74.34,0.821,-0.147,0.65,0.794,0.175
Kazakhstan,2013,5.835,10.074,0.889,61.76,0.782,-0.229,0.82,0.674,0.164
Kenya,2013,3.795,8.192,0.825,57.18,0.708,0.212,0.861,0.765,0.161
Kyrgyzstan,2013,5.402,8.441,0.851,62.36,0.755,-0.085,0.9,0.722,0.135
Latvia,2013,5.07,10.116,0.834,65.38,0.631,-0.073,0.837,0.642,0.227
Lebanon,2013,4.983,9.772,0.708,65.44,0.655,-0.004,0.921,0.499,0.409
Lithuania,2013,5.596,10.263,0.913,65.1,0.556,-0.237,0.936,0.581,0.294
Luxembourg,2013,7.131,11.58,0.917,72.24,0.79,-0.054,0.301,0.64,0.185
Madagascar,2013,3.816,7.334,0.673,57.06,0.48,-0.019,0.868,0.734,0.241
Malawi,2013,4.035,6.907,0.563,53.46,0.752,0.078,0.857,0.808,0.248
Malaysia,2013,5.77,10.037,0.831,66.08,0.791,0.264,0.755,0.736,0.317
Mali,2013,3.676,7.599,0.82,49.48,0.665,-0.053,0.755,0.724,0.193
Mauritania,2013,4.199,8.506,0.741,55.46,0.603,-0.079,0.676,0.793,0.196
Mexico,2013,7.443,9.832,0.759,67.04,0.739,-0.165,0.615,0.79,0.223
Moldova,2013,5.756,9.192,0.803,62.26,0.658,-0.069,0.941,0.582,0.261
Mongolia,2013,4.913,9.248,0.935,61.1,0.748,0.136,0.928,0.649,0.179
Montenegro,2013,5.074,9.76,0.736,67.58,0.502,-0.176,0.693,0.539,0.331
Morocco,2013,5.142,8.829,0.597,64.4,0.572,-0.21,0.771,0.784,0.239
Myanmar,2013,4.176,8.23,0.757,57.38,0.775,0.689,0.638,0.803,0.217
Nepal,2013,4.605,7.889,0.74,59.8,0.722,0.151,0.877,0.629,0.279
Netherlands,2013,7.407,10.857,0.925,71.76,0.919,0.305,0.505,0.867,0.235
New Zealand,2013,7.28,10.571,0.958,72.36,0.944,0.237,0.312,0.835,0.151
Nicaragua,2013,5.772,8.569,0.868,66.16,0.859,0.039,0.636,0.839,0.271
Niger,2013,3.716,7.002,0.696,50.96,0.825,-0.077,0.711,0.65,0.208
Nigeria,2013,4.818,8.581,0.663,47.58,0.622,0.051,0.905,0.638,0.286
North Macedonia,2013,5.186,9.541,0.832,64.942,0.641,0.025,0.861,0.578,0.331
Pakistan,2013,5.138,8.311,0.607,56.86,0.448,0.1,0.792,0.598,0.274
Panama,2013,6.866,10.184,0.896,68.9,0.811,0.018,0.814,0.869,0.226
Paraguay,2013,5.936,9.326,0.939,64.86,0.909,0.046,0.903,0.919,0.224
Peru,2013,5.783,9.369,0.797,66.84,0.703,-0.066,0.87,0.778,0.39
Philippines,2013,4.977,8.805,0.846,61.2,0.907,0.021,0.756,0.799,0.332
Poland,2013,5.746,10.164,0.912,67.78,0.776,-0.137,0.916,0.784,0.242
Portugal,2013,5.158,10.312,0.867,71.4,0.788,-0.118,0.946,0.7,0.348
Romania,2013,5.082,10.004,0.778,65.86,0.655,-0.129,0.952,0.64,0.329
Russia,2013,5.537,10.182,0.881,62.26,0.661,-0.289,0.934,0.68,0.18
Rwanda,2013,3.466,7.449,0.75,58.06,0.904,-0.028,0.117,0.76,0.167
Senegal,2013,3.647,7.926,0.823,57.48,0.636,-0.052,0.837,0.68,0.165
Serbia,2013,5.102,9.638,0.828,66.68,0.533,-0.1,0.908,0.529,0.403
Sierra Leone,2013,4.514,7.577,0.708,45.16,0.72,-0.071,0.856,0.521,0.423
Singapore,2013,6.533,11.357,0.808,75.46,0.827,0.115,0.242,0.77,0.148
Slovakia,2013,5.937,10.218,0.909,67.52,0.598,-0.051,0.915,0.698,0.277
Slovenia,2013,5.975,10.385,0.932,69.8,0.89,0.036,0.918,0.635,0.274
South Africa,2013,3.661,9.461,0.839,53.38,0.714,-0.077,0.8,0.773,0.167
South Korea,2013,5.959,10.52,0.797,72.18,0.642,-0.05,0.832,0.676,0.189
Spain,2013,6.15,10.476,0.929,73.26,0.759,-0.101,0.916,0.696,0.372
Sri Lanka,2013,4.365,9.305,0.809,66.4,0.834,0.268,0.842,0.86,0.208
Sweden,2013,7.434,10.804,0.916,72.14,0.936,0.159,0.324,0.829,0.184
Syria,2013,2.688,8.396,0.585,58.76,0.455,0.225,0.663,0.387,0.622
Tajikistan,2013,4.967,7.87,0.701,62.88,0.693,0.063,0.764,0.677,0.17
Tanzania,2013,3.852,7.699,0.803,54.52,0.654,0.054,0.859,0.738,0.191
Thailand,2013,6.231,9.667,0.926,66.16,0.781,0.456,0.925,0.846,0.141
Trinidad and Tobago,2013,6.168,10.285,0.883,62.82,0.847,0.128,0.948,0.833,0.286
Tunisia,2013,5.246,9.24,0.648,65.64,0.536,-0.207,0.886,0.517,0.239
Turkey,2013,4.888,10.091,0.795,65.12,0.541,-0.229,0.698,0.635,0.392
Uganda,2013,3.71,7.595,0.878,52.86,0.763,0.053,0.82,0.676,0.346
Ukraine,2013,4.711,9.438,0.897,63.1,0.569,-0.216,0.937,0.643,0.225
United Kingdom,2013,6.918,10.679,0.937,71.54,0.905,0.346,0.568,0.776,0.252
United States,2013,7.249,10.939,0.925,68.64,0.792,0.274,0.747,0.814,0.26
Uruguay,2013,6.444,9.904,0.917,68.42,0.888,-0.043,0.586,0.826,0.253
Uzbekistan,2013,5.94,8.607,0.963,63.8,0.95,-0.034,0.434,0.749,0.13
Venezuela,2013,6.553,9.739,0.896,65.82,0.642,-0.22,0.837,0.84,0.238
Vietnam,2013,5.023,8.668,0.759,66.98,0.92,-0.027,0.771,0.718,0.165
Yemen,2013,4.218,8.242,0.694,54.3,0.543,-0.179,0.885,0.558,0.266
Zambia,2013,5.244,8.131,0.761,52.32,0.77,-0.104,0.732,0.735,0.308
Zimbabwe,2013,4.69,7.985,0.799,50.96,0.576,-0.104,0.831,0.712,0.182
Afghanistan,2012,3.783,7.705,0.521,52.24,0.531,0.236,0.776,0.71,0.268
Albania,2012,5.51,9.347,0.785,66.96,0.602,-0.169,0.848,0.607,0.271
Algeria,2012,5.605,9.311,0.839,64.82,0.587,-0.172,0.69,0.604,0.23
Angola,2012,4.36,8.992,0.753,53.2,0.456,-0.136,0.906,0.558,0.305
Argentina,2012,6.468,10.091,0.902,67.66,0.747,-0.148,0.817,0.857,0.272
Armenia,2012,4.32,9.249,0.676,65.52,0.502,-0.215,0.893,0.518,0.464
Australia,2012,7.196,10.754,0.945,72.4,0.935,0.274,0.368,0.811,0.214
Austria,2012,7.401,10.889,0.945,71.68,0.92,0.118,0.771,0.822,0.157
Azerbaijan,2012,4.911,9.549,0.762,63.88,0.599,-0.14,0.763,0.554,0.266
Bangladesh,2012,4.724,8.07,0.582,61.54,0.668,-0.034,0.765,0.714,0.183
Belarus,2012,5.749,9.83,0.902,63.46,0.645,-0.217,0.657,0.523,0.181
Belgium,2012,6.935,10.784,0.927,71.04,0.855,-0.05,0.758,0.82,0.238
Benin,2012,3.193,7.923,0.523,52.26,0.769,-0.111,0.806,0.583,0.231
Bolivia,2012,6.019,8.865,0.781,61.68,0.862,-0.015,0.84,0.782,0.409
Bosnia and Herzegovina,2012,4.773,9.342,0.779,66.78,0.42,-0.013,0.953,0.548,0.338
Botswana,2012,4.836,9.632,0.837,54.46,0.799,-0.203,0.814,0.773,0.171
Bulgaria,2012,4.222,9.804,0.838,65.9,0.641,-0.172,0.938,0.573,0.237
Burkina Faso,2012,3.955,7.52,0.744,50.78,0.622,-0.07,0.726,0.545,0.3
Cambodia,2012,3.899,8.014,0.606,59.26,0.956,0.247,0.89,0.82,0.352
Cameroon,2012,4.245,8.065,0.743,49.1,0.766,-0.032,0.898,0.618,0.284
Canada,2012,7.415,10.744,0.948,72.52,0.918,0.29,0.466,0.857,0.229
Chad,2012,4.033,7.476,0.673,45.74,0.563,-0.034,0.884,0.527,0.316
Chile,2012,6.599,10.023,0.855,69.18,0.734,0.195,0.782,0.815,0.288
Colombia,2012,6.375,9.471,0.914,66.14,0.828,-0.009,0.868,0.846,0.294
Comoros,2012,3.956,7.988,0.719,55.34,0.534,-0.121,0.651,0.612,0.212
Congo (Brazzaville),2012,3.919,8.192,0.622,54.96,0.773,-0.112,0.8,0.564,0.323
Congo (Kinshasa),2012,4.639,6.832,0.77,50.78,0.557,-0.035,0.807,0.634,0.23
Costa Rica,2012,7.272,9.74,0.902,70.1,0.929,0.046,0.794,0.897,0.263
Croatia,2012,6.028,10.072,0.776,68.1,0.542,-0.242,0.924,0.622,0.271
Cyprus,2012,6.181,10.479,0.767,72.68,0.725,0.098,0.871,0.755,0.369
Czech Republic,2012,6.334,10.426,0.912,68.38,0.74,-0.154,0.957,0.609,0.257
Denmark,2012,7.52,10.846,0.951,70.84,0.933,0.139,0.187,0.774,0.209
Dominican Republic,2012,4.753,9.489,0.879,64.24,0.84,-0.062,0.727,0.797,0.297
Ecuador,2012,5.961,9.344,0.785,67.12,0.825,-0.084,0.73,0.847,0.333
Egypt,2012,4.204,9.24,0.737,60.32,0.452,-0.138,0.88,0.527,0.398
El Salvador,2012,5.934,8.956,0.806,64.6,0.683,-0.155,0.786,0.831,0.365
Estonia,2012,5.364,10.282,0.889,67.22,0.697,-0.192,0.793,0.647,0.199
Finland,2012,7.42,10.735,0.928,70.88,0.921,-0.001,0.361,0.796,0.202
France,2012,6.649,10.669,0.937,72.6,0.841,-0.149,0.608,0.754,0.253
Gabon,2012,3.972,9.621,0.736,56.16,0.566,-0.195,0.81,0.47,0.266
Georgia,2012,4.254,9.332,0.533,64.92,0.659,-0.269,0.321,0.559,0.25
Germany,2012,6.702,10.816,0.926,71.06,0.904,0.071,0.679,0.804,0.17
Ghana,2012,5.057,8.397,0.685,54.86,0.679,0.04,0.898,0.76,0.152
Greece,2012,5.096,10.268,0.812,71.62,0.373,-0.305,0.959,0.581,0.352
Guatemala,2012,5.856,8.935,0.802,62.82,0.865,0.02,0.821,0.863,0.349
Guinea,2012,3.652,7.603,0.542,50.44,0.646,0.001,0.794,0.677,0.285
Haiti,2012,4.413,7.437,0.749,41.42,0.482,0.289,0.717,0.593,0.284
Honduras,2012,4.602,8.53,0.779,65.94,0.7,-0.003,0.871,0.847,0.294
Hungary,2012,4.683,10.117,0.906,65.92,0.569,-0.136,0.93,0.652,0.315
Iceland,2012,7.591,10.777,0.979,72.76,0.905,0.241,0.759,0.9,0.157
India,2012,4.72,8.428,0.511,58,0.609,0.067,0.83,0.629,0.295
Indonesia,2012,5.368,9.114,0.834,60.84,0.77,0.354,0.962,0.897,0.229
Iraq,2012,4.66,9.246,0.73,59.12,0.315,-0.02,0.789,0.423,0.449
Ireland,2012,6.965,10.876,0.962,71.7,0.902,0.302,0.573,0.835,0.237
Israel,2012,7.111,10.493,0.903,72.52,0.681,0.153,0.862,0.665,0.319
Italy,2012,5.839,10.638,0.869,72.88,0.57,0.113,0.908,0.67,0.388
Kazakhstan,2012,5.759,10.03,0.892,61.24,0.84,-0.171,0.877,0.74,0.184
Kenya,2012,4.547,8.161,0.831,56.62,0.628,0.066,0.911,0.707,0.194
Kyrgyzstan,2012,5.208,8.357,0.856,61.94,0.703,-0.079,0.892,0.691,0.182
Latvia,2012,5.125,10.082,0.851,65.12,0.564,-0.038,0.895,0.56,0.232
Lebanon,2012,4.573,9.8,0.713,65.36,0.621,-0.006,0.856,0.499,0.339
Libya,2012,5.754,9.842,0.855,62.66,0.712,-0.032,0.791,0.695,0.316
Lithuania,2012,5.771,10.218,0.919,64.9,0.503,-0.273,0.957,0.581,0.277
Luxembourg,2012,6.964,11.567,0.914,72.06,0.917,0.059,0.403,0.815,0.227
Madagascar,2012,3.551,7.339,0.673,56.64,0.487,-0.055,0.854,0.69,0.194
Malawi,2012,4.279,6.885,0.604,52.44,0.637,0.169,0.886,0.816,0.2
Malaysia,2012,5.914,10.005,0.841,65.92,0.848,0.017,0.847,0.867,0.177
Mali,2012,4.313,7.605,0.823,49.12,0.704,-0.088,0.787,0.681,0.109
Mauritania,2012,4.673,8.495,0.763,55.14,0.487,-0.021,0.707,0.782,0.164
Mexico,2012,7.32,9.832,0.767,66.86,0.788,-0.093,0.633,0.784,0.278
Moldova,2012,5.996,9.105,0.826,61.94,0.602,-0.05,0.955,0.568,0.314
Mongolia,2012,4.885,9.158,0.919,60.8,0.688,0.107,0.932,0.689,0.181
Montenegro,2012,5.219,9.726,0.704,67.42,0.462,-0.192,0.755,0.574,0.379
Morocco,2012,4.97,8.799,0.676,64.1,0.757,-0.187,0.845,0.687,0.281
Myanmar,2012,4.439,8.158,0.612,57.02,0.691,0.645,0.695,0.764,0.205
Nepal,2012,4.233,7.846,0.734,59.6,0.638,0.07,0.883,0.736,0.231
Netherlands,2012,7.471,10.861,0.939,71.64,0.877,0.288,0.434,0.861,0.226
New Zealand,2012,7.25,10.553,0.93,72.24,0.902,0.287,0.289,0.866,0.207
Nicaragua,2012,5.448,8.534,0.894,65.94,0.85,0.017,0.644,0.803,0.255
Niger,2012,3.798,6.987,0.7,50.44,0.734,-0.064,0.777,0.603,0.142
Nigeria,2012,5.493,8.543,0.818,47.12,0.652,0.066,0.9,0.811,0.209
North Macedonia,2012,4.64,9.513,0.798,64.811,0.613,-0.084,0.92,0.642,0.422
Norway,2012,7.678,11.017,0.948,72.24,0.947,0.147,0.368,0.823,0.213
Pakistan,2012,5.132,8.289,0.542,56.64,0.367,0.165,0.842,0.665,0.332
Panama,2012,6.86,10.135,0.897,68.7,0.783,-0.002,0.796,0.869,0.207
Paraguay,2012,5.82,9.259,0.931,64.74,0.748,0.2,0.774,0.837,0.213
Peru,2012,5.825,9.322,0.764,66.66,0.703,-0.079,0.867,0.757,0.398
Philippines,2012,5.002,8.756,0.813,61,0.914,0.053,0.771,0.865,0.351
Poland,2012,5.876,10.149,0.936,67.62,0.811,-0.027,0.888,0.787,0.267
Portugal,2012,4.994,10.315,0.866,71.2,0.774,-0.097,0.959,0.729,0.37
Romania,2012,5.167,9.965,0.74,65.64,0.645,-0.112,0.959,0.556,0.343
Russia,2012,5.621,10.166,0.901,61.84,0.609,-0.293,0.938,0.611,0.174
Rwanda,2012,3.333,7.428,0.637,57.44,0.835,-0.012,0.081,0.703,0.132
Senegal,2012,3.669,7.926,0.711,57.02,0.668,-0.036,0.852,0.771,0.214
Serbia,2012,5.155,9.605,0.819,66.52,0.461,-0.13,0.952,0.514,0.371
Slovakia,2012,5.911,10.213,0.926,67.28,0.62,-0.028,0.907,0.656,0.302
Slovenia,2012,6.063,10.397,0.925,69.6,0.904,-0.02,0.891,0.656,0.284
South Africa,2012,5.134,9.453,0.907,52.42,0.59,-0.163,0.838,0.761,0.178
Spain,2012,6.291,10.487,0.937,73.14,0.755,-0.059,0.844,0.749,0.366
Sri Lanka,2012,4.225,9.279,0.824,66.3,0.8,0.161,0.823,0.864,0.197
Sudan,2012,4.55,8.296,0.813,54.56,0.412,-0.056,0.734,0.576,0.242
Suriname,2012,6.269,9.797,0.797,62.24,0.885,-0.077,0.751,0.764,0.25
Sweden,2012,7.56,10.8,0.929,72.06,0.944,0.132,0.254,0.855,0.17
Switzerland,2012,7.776,11.079,0.947,72.78,0.945,0.139,0.323,0.859,0.176
Syria,2012,3.164,8.563,0.588,60.54,0.467,0.316,0.673,0.464,0.705
Tajikistan,2012,4.497,7.821,0.729,62.72,0.749,-0.073,0.717,0.714,0.198
Tanzania,2012,4.007,7.663,0.832,53.78,0.577,0.213,0.887,0.679,0.195
Thailand,2012,6.3,9.645,0.906,65.94,0.847,0.38,0.909,0.855,0.138
Tunisia,2012,4.464,9.222,0.614,65.46,0.568,-0.176,0.899,0.521,0.327
Turkey,2012,5.309,10.026,0.739,64.88,0.471,-0.216,0.702,0.645,0.335
Uganda,2012,4.309,7.592,0.885,52.04,0.649,0.081,0.838,0.754,0.265
Ukraine,2012,5.03,9.436,0.898,62.8,0.564,-0.223,0.896,0.57,0.193
United Kingdom,2012,6.881,10.664,0.935,71.46,0.889,0.371,0.425,0.844,0.184
United States,2012,7.026,10.928,0.903,68.66,0.823,0.215,0.71,0.834,0.26
Uruguay,2012,6.45,9.861,0.865,68.28,0.871,0.067,0.615,0.788,0.214
Uzbekistan,2012,6.019,8.55,0.933,63.6,0.914,-0.037,0.463,0.786,0.118
Venezuela,2012,7.067,9.826,0.932,65.78,0.804,-0.193,0.743,0.858,0.176
Vietnam,2012,5.535,8.626,0.775,66.82,0.856,-0.11,0.815,0.615,0.221
Yemen,2012,4.061,8.236,0.682,54.3,0.706,-0.171,0.793,0.502,0.263
Zambia,2012,5.013,8.114,0.78,51.58,0.788,0.008,0.806,0.726,0.25
Zimbabwe,2012,4.955,7.983,0.896,49.54,0.47,-0.103,0.859,0.669,0.177
Afghanistan,2011,3.832,7.62,0.521,51.92,0.496,0.162,0.731,0.611,0.267
Albania,2011,5.867,9.331,0.759,66.68,0.487,-0.205,0.877,0.628,0.257
Algeria,2011,5.317,9.297,0.81,64.66,0.53,-0.181,0.638,0.55,0.255
Angola,2011,5.589,8.946,0.723,52.5,0.584,0.055,0.911,0.659,0.361
Argentina,2011,6.776,10.112,0.889,67.48,0.816,-0.174,0.755,0.84,0.232
Armenia,2011,4.26,9.182,0.705,65.36,0.465,-0.225,0.875,0.475,0.459
Australia,2011,7.406,10.733,0.967,72.3,0.945,0.369,0.382,0.816,0.195
Austria,2011,7.471,10.887,0.944,71.54,0.939,0.132,0.703,0.789,0.145
Azerbaijan,2011,4.68,9.54,0.725,63.64,0.537,-0.105,0.795,0.536,0.258
Bahrain,2011,4.824,10.696,0.908,66.58,0.87,-0.051,0.583,0.544,0.514
Bangladesh,2011,4.986,8.018,0.606,61.12,0.838,-0.069,0.757,0.685,0.235
Belarus,2011,5.225,9.812,0.91,62.88,0.656,-0.168,0.672,0.521,0.249
Belgium,2011,7.111,10.783,0.937,70.92,0.88,-0.014,0.711,0.835,0.225
Benin,2011,3.87,7.904,0.477,51.98,0.773,-0.142,0.849,0.626,0.219
Bolivia,2011,5.779,8.831,0.817,61.34,0.782,-0.039,0.825,0.761,0.361
Bosnia and Herzegovina,2011,4.995,9.333,0.725,66.74,0.333,-0.035,0.925,0.596,0.326
Botswana,2011,3.52,9.6,0.86,53.68,0.813,-0.25,0.816,0.739,0.16
Brazil,2011,7.038,9.637,0.916,64.76,0.834,-0.072,0.662,0.807,0.268
Bulgaria,2011,3.875,9.795,0.86,65.8,0.664,-0.228,0.948,0.534,0.271
Burkina Faso,2011,4.785,7.487,0.71,50.24,0.725,-0.105,0.707,0.579,0.205
Burundi,2011,3.706,6.748,0.422,50.68,0.49,-0.062,0.677,0.689,0.19
Cambodia,2011,4.161,7.96,0.716,58.88,0.927,0.418,0.775,0.799,0.308
Cameroon,2011,4.434,8.048,0.738,48.7,0.817,-0.029,0.87,0.598,0.272
Canada,2011,7.426,10.738,0.922,72.36,0.951,0.253,0.433,0.881,0.248
Central African Republic,2011,3.678,7.125,0.387,43.08,0.78,-0.016,0.834,0.524,0.277
Chad,2011,4.393,7.425,0.819,45.42,0.54,0.031,0.876,0.591,0.289
Chile,2011,6.526,9.98,0.819,69.04,0.701,0.112,0.753,0.804,0.317
Colombia,2011,6.464,9.442,0.904,65.92,0.811,-0.073,0.847,0.832,0.286
Comoros,2011,3.838,7.981,0.722,55.02,0.5,-0.075,0.732,0.667,0.173
Congo (Brazzaville),2011,4.51,8.18,0.637,54.58,0.745,-0.109,0.833,0.621,0.288
Congo (Kinshasa),2011,4.517,6.797,0.744,50.34,0.631,-0.025,0.856,0.617,0.208
Costa Rica,2011,7.229,9.705,0.892,69.9,0.926,-0.033,0.837,0.876,0.269
Croatia,2011,5.385,10.091,0.79,68,0.517,-0.198,0.977,0.598,0.273
Cyprus,2011,6.69,10.53,0.844,72.54,0.745,0.18,0.841,0.763,0.272
Czech Republic,2011,6.331,10.435,0.914,68.24,0.787,-0.106,0.95,0.601,0.253
Denmark,2011,7.788,10.848,0.962,70.62,0.935,0.298,0.22,0.769,0.175
Djibouti,2011,4.369,7.88,0.633,54.7,0.746,-0.057,0.519,0.579,0.181
Dominican Republic,2011,5.397,9.475,0.872,64.02,0.848,0.014,0.788,0.809,0.3
Ecuador,2011,5.795,9.304,0.818,66.96,0.788,-0.155,0.702,0.862,0.271
Egypt,2011,4.174,9.24,0.753,60.16,0.59,-0.151,0.859,0.529,0.353
El Salvador,2011,4.741,8.933,0.731,64.4,0.747,-0.126,0.707,0.875,0.336
Estonia,2011,5.487,10.248,0.909,66.96,0.735,-0.168,0.687,0.651,0.205
Finland,2011,7.354,10.754,0.938,70.64,0.936,0.101,0.32,0.773,0.205
France,2011,6.959,10.671,0.921,72.4,0.903,-0.102,0.627,0.781,0.281
Gabon,2011,4.255,9.608,0.653,55.48,0.772,-0.211,0.851,0.591,0.264
Georgia,2011,4.203,9.263,0.503,64.86,0.632,-0.255,0.353,0.515,0.247
Germany,2011,6.621,10.813,0.947,70.98,0.906,0.033,0.677,0.794,0.165
Ghana,2011,5.608,8.332,0.724,54.48,0.852,0.011,0.79,0.744,0.209
Greece,2011,5.372,10.339,0.852,71.56,0.528,-0.316,0.941,0.591,0.323
Guatemala,2011,5.743,8.923,0.768,62.46,0.763,0.009,0.863,0.844,0.289
Guinea,2011,4.045,7.567,0.598,50.22,0.797,0.041,0.743,0.701,0.26
Haiti,2011,4.845,7.423,0.567,36.86,0.413,0.243,0.682,0.625,0.245
Honduras,2011,4.961,8.508,0.766,65.72,0.783,0.095,0.884,0.816,0.307
Hungary,2011,4.918,10.127,0.894,65.76,0.631,-0.089,0.94,0.642,0.305
India,2011,4.635,8.387,0.553,57.7,0.838,-0.038,0.908,0.648,0.232
Indonesia,2011,5.173,9.069,0.825,60.62,0.878,0.438,0.962,0.864,0.273
Iran,2011,4.768,9.547,0.582,64.14,0.798,0.2,0.665,0.578,0.359
Iraq,2011,4.725,9.152,0.751,59.36,0.347,-0.07,0.78,0.488,0.557
Ireland,2011,7.007,10.878,0.977,71.6,0.952,0.383,0.59,0.865,0.19
Israel,2011,7.433,10.489,0.893,72.46,0.722,0.141,0.891,0.738,0.384
Italy,2011,6.057,10.671,0.913,72.84,0.568,-0.018,0.933,0.658,0.266
Jamaica,2011,5.374,9.164,0.855,66.22,0.796,-0.064,0.909,0.836,0.237
Japan,2011,6.263,10.532,0.917,73.98,0.814,-0.052,0.734,0.776,0.181
Kazakhstan,2011,5.736,9.997,0.905,60.72,0.878,-0.235,0.802,0.695,0.154
Kenya,2011,4.405,8.143,0.846,56.06,0.709,0.022,0.923,0.76,0.228
Kyrgyzstan,2011,4.921,8.374,0.891,61.52,0.748,-0.155,0.932,0.681,0.151
Laos,2011,4.704,8.548,0.691,56.3,0.882,0.459,0.587,0.9,0.225
Latvia,2011,4.967,10.029,0.836,64.86,0.564,-0.002,0.934,0.563,0.222
Lebanon,2011,5.188,9.838,0.733,65.28,0.657,0.006,0.911,0.578,0.32
Lesotho,2011,4.898,7.777,0.824,45.74,0.618,-0.087,0.768,0.793,0.17
Lithuania,2011,5.432,10.167,0.911,64.7,0.566,-0.148,0.964,0.57,0.275
Luxembourg,2011,7.101,11.595,0.934,71.88,0.962,0.106,0.388,0.836,0.2
Madagascar,2011,4.381,7.336,0.818,56.22,0.546,-0.062,0.897,0.51,0.235
Malawi,2011,3.946,6.895,0.613,51.42,0.733,0.099,0.853,0.713,0.268
Malaysia,2011,5.786,9.966,0.77,65.76,0.84,-0.016,0.842,0.887,0.155
Mali,2011,4.667,7.643,0.796,48.76,0.823,-0.101,0.726,0.758,0.132
Mauritania,2011,4.785,8.481,0.75,54.82,0.567,0.052,0.747,0.762,0.175
Mauritius,2011,5.477,9.767,0.8,64.7,0.848,0.191,0.847,0.738,0.253
Mexico,2011,6.91,9.81,0.824,66.68,0.831,-0.099,0.698,0.79,0.228
Moldova,2011,5.792,9.111,0.869,61.62,0.628,-0.082,0.957,0.568,0.285
Mongolia,2011,5.031,9.061,0.948,60.5,0.7,0.151,0.931,0.692,0.153
Montenegro,2011,5.223,9.755,0.818,67.26,0.546,-0.226,0.762,0.603,0.378
Morocco,2011,5.085,8.783,0.833,63.8,0.579,-0.218,0.875,0.736,0.187
Mozambique,2011,4.971,6.979,0.818,48.32,0.639,-0.024,0.719,0.592,0.243
Nepal,2011,3.809,7.797,0.741,59.4,0.525,-0.01,0.935,0.699,0.207
Netherlands,2011,7.564,10.875,0.938,71.52,0.925,0.336,0.359,0.863,0.181
New Zealand,2011,7.191,10.536,0.954,72.12,0.935,0.284,0.269,0.864,0.21
Nicaragua,2011,5.386,8.484,0.8,65.72,0.779,-0.02,0.76,0.791,0.309
Niger,2011,4.556,6.925,0.818,49.92,0.78,-0.055,0.549,0.7,0.166
North Macedonia,2011,4.898,9.518,0.784,64.661,0.607,-0.087,0.865,0.588,0.363
Pakistan,2011,5.267,8.276,0.51,56.42,0.376,0.03,0.857,0.628,0.358
Panama,2011,7.248,10.059,0.876,68.5,0.829,0.009,0.84,0.885,0.18
Paraguay,2011,5.677,9.278,0.869,64.62,0.666,0.191,0.756,0.81,0.19
Peru,2011,5.892,9.27,0.756,66.48,0.773,-0.123,0.824,0.78,0.331
Philippines,2011,4.994,8.707,0.789,60.8,0.883,0.073,0.783,0.851,0.358
Poland,2011,5.646,10.133,0.905,67.46,0.868,-0.067,0.908,0.725,0.224
Portugal,2011,5.22,10.353,0.856,71,0.875,-0.173,0.962,0.725,0.279
Romania,2011,5.023,9.94,0.753,65.42,0.65,-0.14,0.964,0.543,0.294
Russia,2011,5.389,10.129,0.883,61.42,0.626,-0.279,0.935,0.601,0.165
Rwanda,2011,4.097,7.369,0.57,56.82,0.829,-0.039,0.161,0.665,0.154
Senegal,2011,3.834,7.904,0.602,56.56,0.641,-0.16,0.87,0.752,0.18
Serbia,2011,4.815,9.607,0.773,66.36,0.44,-0.185,0.977,0.545,0.41
Sierra Leone,2011,4.502,7.292,0.782,44.32,0.77,0.005,0.855,0.446,0.3
Singapore,2011,6.561,11.307,0.904,75.02,0.822,-0.149,0.099,0.483,0.144
Slovakia,2011,5.945,10.196,0.917,67.04,0.727,0.01,0.907,0.637,0.287
Slovenia,2011,6.036,10.426,0.931,69.4,0.907,-0.025,0.893,0.652,0.285
South Africa,2011,4.931,9.447,0.858,51.46,0.835,-0.154,0.819,0.763,0.23
South Korea,2011,6.947,10.475,0.809,71.66,0.682,-0.048,0.827,0.656,0.168
Spain,2011,6.518,10.518,0.944,73.02,0.819,-0.122,0.846,0.737,0.356
Sri Lanka,2011,4.181,9.193,0.842,66.2,0.823,0.145,0.76,0.825,0.175
Sudan,2011,4.314,8.204,0.818,54.28,0.583,-0.024,0.663,0.586,0.249
Swaziland,2011,4.867,8.94,0.837,40.808,0.607,-0.067,0.917,0.821,0.251
Sweden,2011,7.382,10.814,0.921,71.98,0.941,0.161,0.269,0.815,0.179
Syria,2011,4.038,8.727,0.576,62.32,0.53,0.131,0.741,0.599,0.496
Tajikistan,2011,4.263,7.772,0.751,62.56,0.776,-0.119,0.672,0.698,0.166
Tanzania,2011,4.074,7.649,0.883,53.04,0.736,-0.046,0.816,0.765,0.145
Thailand,2011,6.664,9.579,0.884,65.72,0.927,0.4,0.923,0.934,0.117
Togo,2011,2.936,7.146,0.303,51.58,0.584,-0.07,0.832,0.48,0.395
Trinidad and Tobago,2011,6.519,10.263,0.863,62.54,0.775,0.078,0.9,0.906,0.134
Tunisia,2011,4.876,9.192,0.715,65.28,0.603,-0.199,0.913,0.588,0.248
Turkey,2011,5.272,9.996,0.692,64.64,0.446,-0.242,0.649,0.621,0.38
Uganda,2011,4.826,7.586,0.882,51.22,0.733,0.032,0.83,0.678,0.254
Ukraine,2011,5.083,9.431,0.859,62.5,0.579,-0.228,0.933,0.59,0.22
United Kingdom,2011,6.869,10.657,0.949,71.38,0.9,0.336,0.438,0.844,0.174
United States,2011,7.115,10.913,0.922,68.68,0.863,0.161,0.697,0.836,0.273
Uruguay,2011,6.554,9.83,0.891,68.14,0.851,-0.08,0.556,0.805,0.252
Uzbekistan,2011,5.739,8.493,0.924,63.4,0.934,0.042,0.522,0.787,0.123
Venezuela,2011,6.58,9.822,0.931,65.74,0.766,-0.226,0.772,0.828,0.199
Vietnam,2011,5.767,8.585,0.898,66.66,0.818,0.105,0.742,0.532,0.193
Yemen,2011,3.746,8.336,0.663,54.3,0.638,-0.173,0.754,0.503,0.285
Zambia,2011,4.999,8.071,0.864,50.84,0.663,0.003,0.882,0.833,0.204
Zimbabwe,2011,4.846,7.846,0.865,48.12,0.633,-0.088,0.83,0.781,0.211
